ts,event_type,payload_json
2026-05-09T22:58:55.744769+00:00,ORDER_REJECTED_BY_RISK,"{""order"": {""symbol"": ""BTC/USDT"", ""side"": ""BUY"", ""notional_usdt"": 10, ""leverage"": 1}, ""reasons"": [""quote: 지연 99.00s > 5.00s""]}"
2026-05-09T22:58:55.745820+00:00,PAPER_ORDER_FILLED,"{""order_id"": ""paper-424e21efa2"", ""status"": ""FILLED"", ""symbol"": ""BTC/USDT"", ""side"": ""BUY"", ""notional_usdt"": 10.0, ""filled_price"": 1.000494, ""fee_usdt"": 0.005, ""slippage_pct"": 0.0494, ""created_at"": ""2026-05-09T22:58:55.745802+00:00""}"
2026-05-09T22:58:55.746793+00:00,ORDER_QUEUED_FOR_APPROVAL,"{""approval_id"": ""82040226-62a1-44bc-bbda-f9f98ac5a8ac"", ""order"": {""symbol"": ""BTC/USDT"", ""side"": ""BUY"", ""notional_usdt"": 10, ""leverage"": 1}}"
2026-05-09T22:59:12.560354+00:00,ORDER_REJECTED_BY_RISK,"{""order"": {""symbol"": ""BTC/USDT"", ""side"": ""BUY"", ""notional_usdt"": 10, ""leverage"": 1}, ""reasons"": [""quote: 지연 99.00s > 5.00s""]}"
2026-05-09T22:59:12.563094+00:00,PAPER_ORDER_FILLED,"{""order_id"": ""paper-956c0963af"", ""status"": ""FILLED"", ""symbol"": ""BTC/USDT"", ""side"": ""BUY"", ""notional_usdt"": 10.0, ""filled_price"": 1.000527, ""fee_usdt"": 0.005, ""slippage_pct"": 0.0527, ""created_at"": ""2026-05-09T22:59:12.563076+00:00""}"
2026-05-09T22:59:12.564063+00:00,ORDER_QUEUED_FOR_APPROVAL,"{""approval_id"": ""9efcae17-1fe4-4b71-baa3-28f64595ee99"", ""order"": {""symbol"": ""BTC/USDT"", ""side"": ""BUY"", ""notional_usdt"": 10, ""leverage"": 1}}"
2026-05-09T23:00:13.516139+00:00,PAPER_ORDER_FILLED,"{""order_id"": ""paper-71c8f670f4"", ""status"": ""FILLED"", ""symbol"": ""BTC/USDT"", ""side"": ""BUY"", ""notional_usdt"": 10.0, ""filled_price"": 100045.356981, ""fee_usdt"": 0.005, ""slippage_pct"": 0.0454, ""created_at"": ""2026-05-09T23:00:13.516122+00:00""}"
2026-05-09T23:00:13.572189+00:00,ORDER_REJECTED_BY_RISK,"{""order"": {""symbol"": ""BTC/USDT"", ""side"": ""BUY"", ""notional_usdt"": 10, ""leverage"": 1}, ""reasons"": [""quote: 지연 99.00s > 5.00s""]}"
2026-05-09T23:00:13.573223+00:00,PAPER_ORDER_FILLED,"{""order_id"": ""paper-timeout-992f0b34"", ""status"": ""TIMEOUT"", ""symbol"": ""BTC/USDT"", ""side"": ""BUY"", ""notional_usdt"": 10.0, ""filled_price"": 0.0, ""fee_usdt"": 0.0, ""slippage_pct"": 0.0, ""created_at"": ""2026-05-09T23:00:13.573207+00:00""}"
2026-05-09T23:00:13.574181+00:00,ORDER_QUEUED_FOR_APPROVAL,"{""approval_id"": ""daa69cb6-e23a-47a3-9180-462fae33d42f"", ""order"": {""symbol"": ""BTC/USDT"", ""side"": ""BUY"", ""notional_usdt"": 10, ""leverage"": 1}}"
2026-05-10T00:32:22.023937+00:00,PAPER_ORDER_FILLED,"{""order_id"": ""paper-adf4d46ec0"", ""status"": ""FILLED"", ""symbol"": ""BTC/USDT"", ""side"": ""BUY"", ""notional_usdt"": 10.0, ""filled_price"": 100049.241319, ""fee_usdt"": 0.005, ""slippage_pct"": 0.0492, ""created_at"": ""2026-05-10T00:32:22.023921+00:00""}"
2026-05-10T00:32:22.152710+00:00,ORDER_REJECTED_BY_RISK,"{""order"": {""symbol"": ""BTC/USDT"", ""side"": ""BUY"", ""notional_usdt"": 10, ""leverage"": 1}, ""reasons"": [""quote: 지연 99.00s > 5.00s""]}"
2026-05-10T00:32:22.153788+00:00,PAPER_ORDER_FILLED,"{""order_id"": ""paper-16584d52bf"", ""status"": ""FILLED"", ""symbol"": ""BTC/USDT"", ""side"": ""BUY"", ""notional_usdt"": 10.0, ""filled_price"": 1.000501, ""fee_usdt"": 0.005, ""slippage_pct"": 0.0501, ""created_at"": ""2026-05-10T00:32:22.153773+00:00""}"
2026-05-10T00:32:22.154736+00:00,ORDER_QUEUED_FOR_APPROVAL,"{""approval_id"": ""66fb0ad3-d86c-4b9f-945b-97bc1d2ba975"", ""order"": {""symbol"": ""BTC/USDT"", ""side"": ""BUY"", ""notional_usdt"": 10, ""leverage"": 1}}"
2026-05-10T00:48:31.598718+00:00,PAPER_ORDER_FILLED,"{""order_id"": ""paper-d8464680ff"", ""status"": ""FILLED"", ""symbol"": ""BTC/USDT"", ""side"": ""BUY"", ""notional_usdt"": 10.0, ""filled_price"": 100052.379285, ""fee_usdt"": 0.005, ""slippage_pct"": 0.0524, ""created_at"": ""2026-05-10T00:48:31.598693+00:00""}"
2026-05-10T00:48:31.736395+00:00,ORDER_REJECTED_BY_RISK,"{""order"": {""symbol"": ""BTC/USDT"", ""side"": ""BUY"", ""notional_usdt"": 10, ""leverage"": 1}, ""reasons"": [""quote: 지연 99.00s > 5.00s""]}"
2026-05-10T00:48:31.737385+00:00,PAPER_ORDER_FILLED,"{""order_id"": ""paper-a6af7b18cd"", ""status"": ""FILLED"", ""symbol"": ""BTC/USDT"", ""side"": ""BUY"", ""notional_usdt"": 10.0, ""filled_price"": 1.000495, ""fee_usdt"": 0.005, ""slippage_pct"": 0.0495, ""created_at"": ""2026-05-10T00:48:31.737370+00:00""}"
2026-05-10T00:48:31.738276+00:00,ORDER_QUEUED_FOR_APPROVAL,"{""approval_id"": ""74318dc4-4036-48b6-94c8-93ade886b16e"", ""order"": {""symbol"": ""BTC/USDT"", ""side"": ""BUY"", ""notional_usdt"": 10, ""leverage"": 1}}"
2026-05-10T01:04:18.439840+00:00,PAPER_ORDER_FILLED,"{""order_id"": ""paper-5ae6dcbfc3"", ""status"": ""FILLED"", ""symbol"": ""BTC/USDT"", ""side"": ""BUY"", ""notional_usdt"": 10.0, ""filled_price"": 100046.4607, ""fee_usdt"": 0.005, ""slippage_pct"": 0.0465, ""created_at"": ""2026-05-10T01:04:18.439800+00:00""}"
2026-05-10T01:04:18.597853+00:00,ORDER_REJECTED_BY_RISK,"{""order"": {""symbol"": ""BTC/USDT"", ""side"": ""BUY"", ""notional_usdt"": 10, ""leverage"": 1}, ""reasons"": [""quote: 지연 99.00s > 5.00s""]}"
2026-05-10T01:04:18.598849+00:00,PAPER_ORDER_FILLED,"{""order_id"": ""paper-c6e3430ae1"", ""status"": ""FILLED"", ""symbol"": ""BTC/USDT"", ""side"": ""BUY"", ""notional_usdt"": 10.0, ""filled_price"": 1.000543, ""fee_usdt"": 0.005, ""slippage_pct"": 0.0543, ""created_at"": ""2026-05-10T01:04:18.598813+00:00""}"
2026-05-10T01:04:18.599785+00:00,ORDER_QUEUED_FOR_APPROVAL,"{""approval_id"": ""e874b5d1-d6bf-4a26-911b-e798fee16a30"", ""order"": {""symbol"": ""BTC/USDT"", ""side"": ""BUY"", ""notional_usdt"": 10, ""leverage"": 1}}"
2026-05-10T01:11:32.512104+00:00,PAPER_ORDER_FILLED,"{""order_id"": ""paper-88d6a3605d"", ""status"": ""FILLED"", ""symbol"": ""BTC/USDT"", ""side"": ""BUY"", ""notional_usdt"": 10.0, ""filled_price"": 100058.372418, ""fee_usdt"": 0.005, ""slippage_pct"": 0.0584, ""created_at"": ""2026-05-10T01:11:32.512039+00:00""}"
2026-05-10T01:11:33.087149+00:00,ORDER_REJECTED_BY_RISK,"{""order"": {""symbol"": ""BTC/USDT"", ""side"": ""BUY"", ""notional_usdt"": 10, ""leverage"": 1}, ""reasons"": [""quote: 지연 99.00s > 5.00s""]}"
2026-05-10T01:11:33.088133+00:00,PAPER_ORDER_FILLED,"{""order_id"": ""paper-dfe5cc6320"", ""status"": ""FILLED"", ""symbol"": ""BTC/USDT"", ""side"": ""BUY"", ""notional_usdt"": 10.0, ""filled_price"": 1.000439, ""fee_usdt"": 0.005, ""slippage_pct"": 0.0439, ""created_at"": ""2026-05-10T01:11:33.088100+00:00""}"
2026-05-10T01:11:33.089037+00:00,ORDER_QUEUED_FOR_APPROVAL,"{""approval_id"": ""13ebe0c1-231f-4fc2-ae8b-fc948579d05b"", ""order"": {""symbol"": ""BTC/USDT"", ""side"": ""BUY"", ""notional_usdt"": 10, ""leverage"": 1}}"
2026-05-10T01:12:20.038408+00:00,PAPER_ORDER_FILLED,"{""order_id"": ""paper-3848d25d24"", ""status"": ""FILLED"", ""symbol"": ""BTC/USDT"", ""side"": ""BUY"", ""notional_usdt"": 10.0, ""filled_price"": 100043.716613, ""fee_usdt"": 0.005, ""slippage_pct"": 0.0437, ""created_at"": ""2026-05-10T01:12:20.038370+00:00""}"
2026-05-10T01:12:20.604984+00:00,ORDER_REJECTED_BY_RISK,"{""order"": {""symbol"": ""BTC/USDT"", ""side"": ""BUY"", ""notional_usdt"": 10, ""leverage"": 1}, ""reasons"": [""quote: 지연 99.00s > 5.00s""]}"
2026-05-10T01:12:20.606082+00:00,PAPER_ORDER_FILLED,"{""order_id"": ""paper-6b8d47de03"", ""status"": ""FILLED"", ""symbol"": ""BTC/USDT"", ""side"": ""BUY"", ""notional_usdt"": 10.0, ""filled_price"": 1.000596, ""fee_usdt"": 0.005, ""slippage_pct"": 0.0596, ""created_at"": ""2026-05-10T01:12:20.606048+00:00""}"
2026-05-10T01:12:20.607015+00:00,ORDER_QUEUED_FOR_APPROVAL,"{""approval_id"": ""ea0907ad-7316-41aa-92d0-7ee3e78d1c95"", ""order"": {""symbol"": ""BTC/USDT"", ""side"": ""BUY"", ""notional_usdt"": 10, ""leverage"": 1}}"
2026-05-10T01:15:49.337365+00:00,PAPER_ORDER_FILLED,"{""order_id"": ""paper-9275eebbba"", ""status"": ""FILLED"", ""symbol"": ""BTC/USDT"", ""side"": ""BUY"", ""notional_usdt"": 10.0, ""filled_price"": 100040.061028, ""fee_usdt"": 0.005, ""slippage_pct"": 0.0401, ""created_at"": ""2026-05-10T01:15:49.337323+00:00""}"
2026-05-10T01:15:50.003547+00:00,ORDER_REJECTED_BY_RISK,"{""order"": {""symbol"": ""BTC/USDT"", ""side"": ""BUY"", ""notional_usdt"": 10, ""leverage"": 1}, ""reasons"": [""quote: 지연 99.00s > 5.00s""]}"
2026-05-10T01:15:50.004641+00:00,PAPER_ORDER_FILLED,"{""order_id"": ""paper-c259a8b3e9"", ""status"": ""FILLED"", ""symbol"": ""BTC/USDT"", ""side"": ""BUY"", ""notional_usdt"": 10.0, ""filled_price"": 1.0004, ""fee_usdt"": 0.005, ""slippage_pct"": 0.04, ""created_at"": ""2026-05-10T01:15:50.004603+00:00""}"
2026-05-10T01:15:50.005632+00:00,ORDER_QUEUED_FOR_APPROVAL,"{""approval_id"": ""7edcd6c6-6475-4c6d-9701-643464ceddbc"", ""order"": {""symbol"": ""BTC/USDT"", ""side"": ""BUY"", ""notional_usdt"": 10, ""leverage"": 1}}"
2026-05-10T01:16:53.346808+00:00,PAPER_ORDER_FILLED,"{""order_id"": ""paper-5525b4ee46"", ""status"": ""FILLED"", ""symbol"": ""BTC/USDT"", ""side"": ""BUY"", ""notional_usdt"": 10.0, ""filled_price"": 100058.417782, ""fee_usdt"": 0.005, ""slippage_pct"": 0.0584, ""created_at"": ""2026-05-10T01:16:53.346768+00:00""}"
2026-05-10T01:16:53.975460+00:00,ORDER_REJECTED_BY_RISK,"{""order"": {""symbol"": ""BTC/USDT"", ""side"": ""BUY"", ""notional_usdt"": 10, ""leverage"": 1}, ""reasons"": [""quote: 지연 99.00s > 5.00s""]}"
2026-05-10T01:16:53.976436+00:00,PAPER_ORDER_FILLED,"{""order_id"": ""paper-8fc94eeb2d"", ""status"": ""FILLED"", ""symbol"": ""BTC/USDT"", ""side"": ""BUY"", ""notional_usdt"": 10.0, ""filled_price"": 1.000571, ""fee_usdt"": 0.005, ""slippage_pct"": 0.0571, ""created_at"": ""2026-05-10T01:16:53.976403+00:00""}"
2026-05-10T01:16:53.977681+00:00,ORDER_QUEUED_FOR_APPROVAL,"{""approval_id"": ""28d4d842-898b-4dfa-af2a-7148633ab44c"", ""order"": {""symbol"": ""BTC/USDT"", ""side"": ""BUY"", ""notional_usdt"": 10, ""leverage"": 1}}"
2026-05-10T01:24:33.664224+00:00,PAPER_ORDER_FILLED,"{""order_id"": ""paper-07fb93eee5"", ""status"": ""FILLED"", ""symbol"": ""BTC/USDT"", ""side"": ""BUY"", ""notional_usdt"": 10.0, ""filled_price"": 100056.124567, ""fee_usdt"": 0.005, ""slippage_pct"": 0.0561, ""created_at"": ""2026-05-10T01:24:33.664185+00:00""}"
2026-05-10T01:24:34.455584+00:00,ORDER_REJECTED_BY_RISK,"{""order"": {""symbol"": ""BTC/USDT"", ""side"": ""BUY"", ""notional_usdt"": 10, ""leverage"": 1}, ""reasons"": [""quote: 지연 99.00s > 5.00s""]}"
2026-05-10T01:24:34.456601+00:00,PAPER_ORDER_FILLED,"{""order_id"": ""paper-9db7032e83"", ""status"": ""FILLED"", ""symbol"": ""BTC/USDT"", ""side"": ""BUY"", ""notional_usdt"": 10.0, ""filled_price"": 1.000444, ""fee_usdt"": 0.005, ""slippage_pct"": 0.0444, ""created_at"": ""2026-05-10T01:24:34.456567+00:00""}"
2026-05-10T01:24:34.457552+00:00,ORDER_QUEUED_FOR_APPROVAL,"{""approval_id"": ""865c684c-6091-4ad4-be2c-62e008b88a43"", ""order"": {""symbol"": ""BTC/USDT"", ""side"": ""BUY"", ""notional_usdt"": 10, ""leverage"": 1}}"
2026-05-10T01:25:16.365105+00:00,PAPER_ORDER_FILLED,"{""order_id"": ""paper-5abdd95ff0"", ""status"": ""FILLED"", ""symbol"": ""BTC/USDT"", ""side"": ""BUY"", ""notional_usdt"": 10.0, ""filled_price"": 100047.13688, ""fee_usdt"": 0.005, ""slippage_pct"": 0.0471, ""created_at"": ""2026-05-10T01:25:16.365066+00:00""}"
2026-05-10T01:25:17.040786+00:00,ORDER_REJECTED_BY_RISK,"{""order"": {""symbol"": ""BTC/USDT"", ""side"": ""BUY"", ""notional_usdt"": 10, ""leverage"": 1}, ""reasons"": [""quote: 지연 99.00s > 5.00s""]}"
2026-05-10T01:25:17.041787+00:00,PAPER_ORDER_FILLED,"{""order_id"": ""paper-e17b7443e2"", ""status"": ""FILLED"", ""symbol"": ""BTC/USDT"", ""side"": ""BUY"", ""notional_usdt"": 10.0, ""filled_price"": 1.00051, ""fee_usdt"": 0.005, ""slippage_pct"": 0.051, ""created_at"": ""2026-05-10T01:25:17.041753+00:00""}"
2026-05-10T01:25:17.042703+00:00,ORDER_QUEUED_FOR_APPROVAL,"{""approval_id"": ""5653ba9e-bbbc-49ea-bcab-bd6a1627f434"", ""order"": {""symbol"": ""BTC/USDT"", ""side"": ""BUY"", ""notional_usdt"": 10, ""leverage"": 1}}"
2026-05-10T01:34:59.168647+00:00,PAPER_ORDER_FILLED,"{""order_id"": ""paper-7ae83d74e7"", ""status"": ""FILLED"", ""symbol"": ""BTC/USDT"", ""side"": ""BUY"", ""notional_usdt"": 10.0, ""filled_price"": 100044.362739, ""fee_usdt"": 0.005, ""slippage_pct"": 0.0444, ""created_at"": ""2026-05-10T01:34:59.168607+00:00""}"
2026-05-10T01:34:59.902779+00:00,ORDER_REJECTED_BY_RISK,"{""order"": {""symbol"": ""BTC/USDT"", ""side"": ""BUY"", ""notional_usdt"": 10, ""leverage"": 1}, ""reasons"": [""quote: 지연 99.00s > 5.00s""]}"
2026-05-10T01:34:59.904014+00:00,PAPER_ORDER_FILLED,"{""order_id"": ""paper-87a5c1f01b"", ""status"": ""FILLED"", ""symbol"": ""BTC/USDT"", ""side"": ""BUY"", ""notional_usdt"": 10.0, ""filled_price"": 1.000404, ""fee_usdt"": 0.005, ""slippage_pct"": 0.0404, ""created_at"": ""2026-05-10T01:34:59.903977+00:00""}"
2026-05-10T01:34:59.905062+00:00,ORDER_QUEUED_FOR_APPROVAL,"{""approval_id"": ""b280d7c5-f626-463f-8337-b0b7d32c11bf"", ""order"": {""symbol"": ""BTC/USDT"", ""side"": ""BUY"", ""notional_usdt"": 10, ""leverage"": 1}}"
2026-05-10T01:38:33.534018+00:00,PAPER_ORDER_FILLED,"{""order_id"": ""paper-d15d7f5108"", ""status"": ""FILLED"", ""symbol"": ""BTC/USDT"", ""side"": ""BUY"", ""notional_usdt"": 10.0, ""filled_price"": 100044.167939, ""fee_usdt"": 0.005, ""slippage_pct"": 0.0442, ""created_at"": ""2026-05-10T01:38:33.533978+00:00""}"
2026-05-10T01:38:35.274522+00:00,ORDER_REJECTED_BY_RISK,"{""order"": {""symbol"": ""BTC/USDT"", ""side"": ""BUY"", ""notional_usdt"": 10, ""leverage"": 1}, ""reasons"": [""quote: 지연 99.00s > 5.00s""]}"
2026-05-10T01:38:35.275593+00:00,PAPER_ORDER_FILLED,"{""order_id"": ""paper-2984169639"", ""status"": ""FILLED"", ""symbol"": ""BTC/USDT"", ""side"": ""BUY"", ""notional_usdt"": 10.0, ""filled_price"": 1.000596, ""fee_usdt"": 0.005, ""slippage_pct"": 0.0596, ""created_at"": ""2026-05-10T01:38:35.275558+00:00""}"
2026-05-10T01:38:35.276510+00:00,ORDER_QUEUED_FOR_APPROVAL,"{""approval_id"": ""9f2f7066-c9bf-4b19-b081-d906717eee2a"", ""order"": {""symbol"": ""BTC/USDT"", ""side"": ""BUY"", ""notional_usdt"": 10, ""leverage"": 1}}"
2026-05-10T01:41:42.497386+00:00,PAPER_ORDER_FILLED,"{""order_id"": ""paper-f80f5979a1"", ""status"": ""FILLED"", ""symbol"": ""BTC/USDT"", ""side"": ""BUY"", ""notional_usdt"": 10.0, ""filled_price"": 100051.816818, ""fee_usdt"": 0.005, ""slippage_pct"": 0.0518, ""created_at"": ""2026-05-10T01:41:42.497345+00:00""}"
2026-05-10T01:41:44.264866+00:00,ORDER_REJECTED_BY_RISK,"{""order"": {""symbol"": ""BTC/USDT"", ""side"": ""BUY"", ""notional_usdt"": 10, ""leverage"": 1}, ""reasons"": [""quote: 지연 99.00s > 5.00s""]}"
2026-05-10T01:41:44.265896+00:00,PAPER_ORDER_FILLED,"{""order_id"": ""paper-a3e24b2a7b"", ""status"": ""FILLED"", ""symbol"": ""BTC/USDT"", ""side"": ""BUY"", ""notional_usdt"": 10.0, ""filled_price"": 1.000446, ""fee_usdt"": 0.005, ""slippage_pct"": 0.0446, ""created_at"": ""2026-05-10T01:41:44.265863+00:00""}"
2026-05-10T01:41:44.266828+00:00,ORDER_QUEUED_FOR_APPROVAL,"{""approval_id"": ""1bc7af72-4ea4-4afb-8e46-9e293cee0780"", ""order"": {""symbol"": ""BTC/USDT"", ""side"": ""BUY"", ""notional_usdt"": 10, ""leverage"": 1}}"
2026-05-10T01:47:53.561375+00:00,PAPER_ORDER_FILLED,"{""order_id"": ""paper-3ca8d62912"", ""status"": ""FILLED"", ""symbol"": ""BTC/USDT"", ""side"": ""BUY"", ""notional_usdt"": 10.0, ""filled_price"": 100042.825509, ""fee_usdt"": 0.005, ""slippage_pct"": 0.0428, ""created_at"": ""2026-05-10T01:47:53.561336+00:00""}"
2026-05-10T01:47:55.338384+00:00,ORDER_REJECTED_BY_RISK,"{""order"": {""symbol"": ""BTC/USDT"", ""side"": ""BUY"", ""notional_usdt"": 10, ""leverage"": 1}, ""reasons"": [""quote: 지연 99.00s > 5.00s""]}"
2026-05-10T01:47:55.339409+00:00,PAPER_ORDER_FILLED,"{""order_id"": ""paper-647fba1def"", ""status"": ""FILLED"", ""symbol"": ""BTC/USDT"", ""side"": ""BUY"", ""notional_usdt"": 10.0, ""filled_price"": 1.000549, ""fee_usdt"": 0.005, ""slippage_pct"": 0.0549, ""created_at"": ""2026-05-10T01:47:55.339376+00:00""}"
2026-05-10T01:47:55.340334+00:00,ORDER_QUEUED_FOR_APPROVAL,"{""approval_id"": ""91810380-393c-4723-ba3e-d60e500276fe"", ""order"": {""symbol"": ""BTC/USDT"", ""side"": ""BUY"", ""notional_usdt"": 10, ""leverage"": 1}}"
2026-05-10T01:52:17.138689+00:00,PAPER_ORDER_FILLED,"{""order_id"": ""paper-0ca5660744"", ""status"": ""FILLED"", ""symbol"": ""BTC/USDT"", ""side"": ""BUY"", ""notional_usdt"": 10.0, ""filled_price"": 100058.489909, ""fee_usdt"": 0.005, ""slippage_pct"": 0.0585, ""created_at"": ""2026-05-10T01:52:17.138648+00:00""}"
2026-05-10T01:52:18.900978+00:00,ORDER_REJECTED_BY_RISK,"{""order"": {""symbol"": ""BTC/USDT"", ""side"": ""BUY"", ""notional_usdt"": 10, ""leverage"": 1}, ""reasons"": [""quote: 지연 99.00s > 5.00s""]}"
2026-05-10T01:52:18.902107+00:00,PAPER_ORDER_FILLED,"{""order_id"": ""paper-timeout-bc016e5f"", ""status"": ""TIMEOUT"", ""symbol"": ""BTC/USDT"", ""side"": ""BUY"", ""notional_usdt"": 10.0, ""filled_price"": 0.0, ""fee_usdt"": 0.0, ""slippage_pct"": 0.0, ""created_at"": ""2026-05-10T01:52:18.902071+00:00""}"
2026-05-10T01:52:18.903054+00:00,ORDER_QUEUED_FOR_APPROVAL,"{""approval_id"": ""4400dfaa-3cd5-4524-9ef5-b6a9c78f9284"", ""order"": {""symbol"": ""BTC/USDT"", ""side"": ""BUY"", ""notional_usdt"": 10, ""leverage"": 1}}"
2026-05-10T01:56:52.982803+00:00,PAPER_ORDER_FILLED,"{""order_id"": ""paper-90f70f9918"", ""status"": ""FILLED"", ""symbol"": ""BTC/USDT"", ""side"": ""BUY"", ""notional_usdt"": 10.0, ""filled_price"": 100057.507876, ""fee_usdt"": 0.005, ""slippage_pct"": 0.0575, ""created_at"": ""2026-05-10T01:56:52.982739+00:00""}"
2026-05-10T01:56:54.779902+00:00,ORDER_REJECTED_BY_RISK,"{""order"": {""symbol"": ""BTC/USDT"", ""side"": ""BUY"", ""notional_usdt"": 10, ""leverage"": 1}, ""reasons"": [""quote: 지연 99.00s > 5.00s""]}"
2026-05-10T01:56:54.780965+00:00,PAPER_ORDER_FILLED,"{""order_id"": ""paper-4752e83dc1"", ""status"": ""FILLED"", ""symbol"": ""BTC/USDT"", ""side"": ""BUY"", ""notional_usdt"": 10.0, ""filled_price"": 1.00048, ""fee_usdt"": 0.005, ""slippage_pct"": 0.048, ""created_at"": ""2026-05-10T01:56:54.780929+00:00""}"
2026-05-10T01:56:54.781932+00:00,ORDER_QUEUED_FOR_APPROVAL,"{""approval_id"": ""53af7f03-a47a-4aa0-9327-7253bafa6cd6"", ""order"": {""symbol"": ""BTC/USDT"", ""side"": ""BUY"", ""notional_usdt"": 10, ""leverage"": 1}}"
2026-05-10T02:16:29.423689+00:00,PAPER_ORDER_FILLED,"{""order_id"": ""paper-cd12e4f094"", ""status"": ""FILLED"", ""symbol"": ""BTC/USDT"", ""side"": ""BUY"", ""notional_usdt"": 10.0, ""filled_price"": 100043.140934, ""fee_usdt"": 0.005, ""slippage_pct"": 0.0431, ""created_at"": ""2026-05-10T02:16:29.423650+00:00""}"
2026-05-10T02:16:31.332885+00:00,ORDER_REJECTED_BY_RISK,"{""order"": {""symbol"": ""BTC/USDT"", ""side"": ""BUY"", ""notional_usdt"": 10, ""leverage"": 1}, ""reasons"": [""quote: 지연 99.00s > 5.00s""]}"
2026-05-10T02:16:31.333968+00:00,PAPER_ORDER_FILLED,"{""order_id"": ""paper-56134f1785"", ""status"": ""FILLED"", ""symbol"": ""BTC/USDT"", ""side"": ""BUY"", ""notional_usdt"": 10.0, ""filled_price"": 1.00043, ""fee_usdt"": 0.005, ""slippage_pct"": 0.043, ""created_at"": ""2026-05-10T02:16:31.333933+00:00""}"
2026-05-10T02:16:31.334960+00:00,ORDER_QUEUED_FOR_APPROVAL,"{""approval_id"": ""a12ef34f-d576-48cd-a524-94d9787e9627"", ""order"": {""symbol"": ""BTC/USDT"", ""side"": ""BUY"", ""notional_usdt"": 10, ""leverage"": 1}}"
2026-05-10T02:17:01.405200+00:00,PAPER_ORDER_FILLED,"{""order_id"": ""paper-c9d6915652"", ""status"": ""FILLED"", ""symbol"": ""BTC/USDT"", ""side"": ""BUY"", ""notional_usdt"": 10.0, ""filled_price"": 100043.20694, ""fee_usdt"": 0.005, ""slippage_pct"": 0.0432, ""created_at"": ""2026-05-10T02:17:01.405160+00:00""}"
2026-05-10T02:17:03.188867+00:00,ORDER_REJECTED_BY_RISK,"{""order"": {""symbol"": ""BTC/USDT"", ""side"": ""BUY"", ""notional_usdt"": 10, ""leverage"": 1}, ""reasons"": [""quote: 지연 99.00s > 5.00s""]}"
2026-05-10T02:17:03.189926+00:00,PAPER_ORDER_FILLED,"{""order_id"": ""paper-a8ce5b7bd1"", ""status"": ""FILLED"", ""symbol"": ""BTC/USDT"", ""side"": ""BUY"", ""notional_usdt"": 10.0, ""filled_price"": 1.000529, ""fee_usdt"": 0.005, ""slippage_pct"": 0.0529, ""created_at"": ""2026-05-10T02:17:03.189893+00:00""}"
2026-05-10T02:17:03.190861+00:00,ORDER_QUEUED_FOR_APPROVAL,"{""approval_id"": ""ca42d0f8-d785-4c31-8364-911763eb7887"", ""order"": {""symbol"": ""BTC/USDT"", ""side"": ""BUY"", ""notional_usdt"": 10, ""leverage"": 1}}"
2026-05-10T02:25:28.178964+00:00,PAPER_ORDER_FILLED,"{""order_id"": ""paper-ca6419e41f"", ""status"": ""FILLED"", ""symbol"": ""BTC/USDT"", ""side"": ""BUY"", ""notional_usdt"": 10.0, ""filled_price"": 100057.782906, ""fee_usdt"": 0.005, ""slippage_pct"": 0.0578, ""created_at"": ""2026-05-10T02:25:28.178920+00:00""}"
2026-05-10T02:25:30.089779+00:00,ORDER_REJECTED_BY_RISK,"{""order"": {""symbol"": ""BTC/USDT"", ""side"": ""BUY"", ""notional_usdt"": 10, ""leverage"": 1}, ""reasons"": [""quote: 지연 99.00s > 5.00s""]}"
2026-05-10T02:25:30.090829+00:00,PAPER_ORDER_FILLED,"{""order_id"": ""paper-0057c5ef95"", ""status"": ""FILLED"", ""symbol"": ""BTC/USDT"", ""side"": ""BUY"", ""notional_usdt"": 10.0, ""filled_price"": 1.000462, ""fee_usdt"": 0.005, ""slippage_pct"": 0.0462, ""created_at"": ""2026-05-10T02:25:30.090791+00:00""}"
2026-05-10T02:25:30.091775+00:00,ORDER_QUEUED_FOR_APPROVAL,"{""approval_id"": ""2d771d9f-9f8b-481d-8a68-739004f80981"", ""order"": {""symbol"": ""BTC/USDT"", ""side"": ""BUY"", ""notional_usdt"": 10, ""leverage"": 1}}"
2026-05-10T02:25:55.995566+00:00,PAPER_ORDER_FILLED,"{""order_id"": ""paper-c37b3f5b37"", ""status"": ""FILLED"", ""symbol"": ""BTC/USDT"", ""side"": ""BUY"", ""notional_usdt"": 10.0, ""filled_price"": 100053.059677, ""fee_usdt"": 0.005, ""slippage_pct"": 0.0531, ""created_at"": ""2026-05-10T02:25:55.995527+00:00""}"
2026-05-10T02:25:57.739147+00:00,ORDER_REJECTED_BY_RISK,"{""order"": {""symbol"": ""BTC/USDT"", ""side"": ""BUY"", ""notional_usdt"": 10, ""leverage"": 1}, ""reasons"": [""quote: 지연 99.00s > 5.00s""]}"
2026-05-10T02:25:57.740134+00:00,PAPER_ORDER_FILLED,"{""order_id"": ""paper-85a1da2a06"", ""status"": ""FILLED"", ""symbol"": ""BTC/USDT"", ""side"": ""BUY"", ""notional_usdt"": 10.0, ""filled_price"": 1.00055, ""fee_usdt"": 0.005, ""slippage_pct"": 0.055, ""created_at"": ""2026-05-10T02:25:57.740100+00:00""}"
2026-05-10T02:25:57.741032+00:00,ORDER_QUEUED_FOR_APPROVAL,"{""approval_id"": ""d4b77367-b655-4ba0-9d80-43f9ca7af615"", ""order"": {""symbol"": ""BTC/USDT"", ""side"": ""BUY"", ""notional_usdt"": 10, ""leverage"": 1}}"
2026-05-10T02:32:49.623120+00:00,PAPER_ORDER_FILLED,"{""order_id"": ""paper-cc39c3ce25"", ""status"": ""FILLED"", ""symbol"": ""BTC/USDT"", ""side"": ""BUY"", ""notional_usdt"": 10.0, ""filled_price"": 100044.38406, ""fee_usdt"": 0.005, ""slippage_pct"": 0.0444, ""created_at"": ""2026-05-10T02:32:49.623081+00:00""}"
2026-05-10T02:32:51.412530+00:00,ORDER_REJECTED_BY_RISK,"{""order"": {""symbol"": ""BTC/USDT"", ""side"": ""BUY"", ""notional_usdt"": 10, ""leverage"": 1}, ""reasons"": [""quote: 지연 99.00s > 5.00s""]}"
2026-05-10T02:32:51.413538+00:00,PAPER_ORDER_FILLED,"{""order_id"": ""paper-db3b066f39"", ""status"": ""FILLED"", ""symbol"": ""BTC/USDT"", ""side"": ""BUY"", ""notional_usdt"": 10.0, ""filled_price"": 1.000481, ""fee_usdt"": 0.005, ""slippage_pct"": 0.0481, ""created_at"": ""2026-05-10T02:32:51.413505+00:00""}"
2026-05-10T02:32:51.414481+00:00,ORDER_QUEUED_FOR_APPROVAL,"{""approval_id"": ""f9c36bd8-37d6-48ad-bb38-2b019d4e8651"", ""order"": {""symbol"": ""BTC/USDT"", ""side"": ""BUY"", ""notional_usdt"": 10, ""leverage"": 1}}"
2026-05-10T02:42:24.007106+00:00,PAPER_ORDER_FILLED,"{""order_id"": ""paper-24f8d47baf"", ""status"": ""FILLED"", ""symbol"": ""BTC/USDT"", ""side"": ""BUY"", ""notional_usdt"": 10.0, ""filled_price"": 100040.321579, ""fee_usdt"": 0.005, ""slippage_pct"": 0.0403, ""created_at"": ""2026-05-10T02:42:24.007065+00:00""}"
2026-05-10T02:42:25.809521+00:00,ORDER_REJECTED_BY_RISK,"{""order"": {""symbol"": ""BTC/USDT"", ""side"": ""BUY"", ""notional_usdt"": 10, ""leverage"": 1}, ""reasons"": [""quote: 지연 99.00s > 5.00s""]}"
2026-05-10T02:42:25.810713+00:00,PAPER_ORDER_FILLED,"{""order_id"": ""paper-timeout-fbb7a25e"", ""status"": ""TIMEOUT"", ""symbol"": ""BTC/USDT"", ""side"": ""BUY"", ""notional_usdt"": 10.0, ""filled_price"": 0.0, ""fee_usdt"": 0.0, ""slippage_pct"": 0.0, ""created_at"": ""2026-05-10T02:42:25.810672+00:00""}"
2026-05-10T02:42:25.811823+00:00,ORDER_QUEUED_FOR_APPROVAL,"{""approval_id"": ""987a6ec4-53f9-4453-b193-f4ab77d017d0"", ""order"": {""symbol"": ""BTC/USDT"", ""side"": ""BUY"", ""notional_usdt"": 10, ""leverage"": 1}}"
2026-05-10T02:46:47.499163+00:00,PAPER_ORDER_FILLED,"{""order_id"": ""paper-39b490547e"", ""status"": ""FILLED"", ""symbol"": ""BTC/USDT"", ""side"": ""BUY"", ""notional_usdt"": 10.0, ""filled_price"": 100040.272274, ""fee_usdt"": 0.005, ""slippage_pct"": 0.0403, ""created_at"": ""2026-05-10T02:46:47.499117+00:00""}"
2026-05-10T02:46:49.281684+00:00,ORDER_REJECTED_BY_RISK,"{""order"": {""symbol"": ""BTC/USDT"", ""side"": ""BUY"", ""notional_usdt"": 10, ""leverage"": 1}, ""reasons"": [""quote: 지연 99.00s > 5.00s""]}"
2026-05-10T02:46:49.282703+00:00,PAPER_ORDER_FILLED,"{""order_id"": ""paper-705d8e665f"", ""status"": ""FILLED"", ""symbol"": ""BTC/USDT"", ""side"": ""BUY"", ""notional_usdt"": 10.0, ""filled_price"": 1.000488, ""fee_usdt"": 0.005, ""slippage_pct"": 0.0488, ""created_at"": ""2026-05-10T02:46:49.282668+00:00""}"
2026-05-10T02:46:49.283640+00:00,ORDER_QUEUED_FOR_APPROVAL,"{""approval_id"": ""610c5796-7cc2-4e58-abe5-625a6e34e5c9"", ""order"": {""symbol"": ""BTC/USDT"", ""side"": ""BUY"", ""notional_usdt"": 10, ""leverage"": 1}}"
2026-05-10T02:50:04.696326+00:00,PAPER_ORDER_FILLED,"{""order_id"": ""paper-c775af4e31"", ""status"": ""FILLED"", ""symbol"": ""BTC/USDT"", ""side"": ""BUY"", ""notional_usdt"": 10.0, ""filled_price"": 100043.423781, ""fee_usdt"": 0.005, ""slippage_pct"": 0.0434, ""created_at"": ""2026-05-10T02:50:04.696285+00:00""}"
2026-05-10T02:50:06.512774+00:00,ORDER_REJECTED_BY_RISK,"{""order"": {""symbol"": ""BTC/USDT"", ""side"": ""BUY"", ""notional_usdt"": 10, ""leverage"": 1}, ""reasons"": [""quote: 지연 99.00s > 5.00s""]}"
2026-05-10T02:50:06.513804+00:00,PAPER_ORDER_FILLED,"{""order_id"": ""paper-fd81a2b6f6"", ""status"": ""FILLED"", ""symbol"": ""BTC/USDT"", ""side"": ""BUY"", ""notional_usdt"": 10.0, ""filled_price"": 1.000406, ""fee_usdt"": 0.005, ""slippage_pct"": 0.0406, ""created_at"": ""2026-05-10T02:50:06.513768+00:00""}"
2026-05-10T02:50:06.514741+00:00,ORDER_QUEUED_FOR_APPROVAL,"{""approval_id"": ""b8e035ff-c23a-4b34-9914-f30bb185f31a"", ""order"": {""symbol"": ""BTC/USDT"", ""side"": ""BUY"", ""notional_usdt"": 10, ""leverage"": 1}}"
2026-05-10T02:57:28.324467+00:00,PAPER_ORDER_FILLED,"{""order_id"": ""paper-5ab76189ff"", ""status"": ""FILLED"", ""symbol"": ""BTC/USDT"", ""side"": ""BUY"", ""notional_usdt"": 10.0, ""filled_price"": 100059.992816, ""fee_usdt"": 0.005, ""slippage_pct"": 0.06, ""created_at"": ""2026-05-10T02:57:28.324426+00:00""}"
2026-05-10T02:57:30.167439+00:00,ORDER_REJECTED_BY_RISK,"{""order"": {""symbol"": ""BTC/USDT"", ""side"": ""BUY"", ""notional_usdt"": 10, ""leverage"": 1}, ""reasons"": [""quote: 지연 99.00s > 5.00s""]}"
2026-05-10T02:57:30.168414+00:00,PAPER_ORDER_FILLED,"{""order_id"": ""paper-af8fbac3bc"", ""status"": ""FILLED"", ""symbol"": ""BTC/USDT"", ""side"": ""BUY"", ""notional_usdt"": 10.0, ""filled_price"": 1.000495, ""fee_usdt"": 0.005, ""slippage_pct"": 0.0495, ""created_at"": ""2026-05-10T02:57:30.168379+00:00""}"
2026-05-10T02:57:30.169360+00:00,ORDER_QUEUED_FOR_APPROVAL,"{""approval_id"": ""3ec1588e-9d96-47f0-a7d9-fb7ef231b2de"", ""order"": {""symbol"": ""BTC/USDT"", ""side"": ""BUY"", ""notional_usdt"": 10, ""leverage"": 1}}"
2026-05-10T03:01:36.779440+00:00,PAPER_ORDER_FILLED,"{""order_id"": ""paper-a77ad555ad"", ""status"": ""FILLED"", ""symbol"": ""BTC/USDT"", ""side"": ""BUY"", ""notional_usdt"": 10.0, ""filled_price"": 100057.902087, ""fee_usdt"": 0.005, ""slippage_pct"": 0.0579, ""created_at"": ""2026-05-10T03:01:36.779402+00:00""}"
2026-05-10T03:01:38.592492+00:00,ORDER_REJECTED_BY_RISK,"{""order"": {""symbol"": ""BTC/USDT"", ""side"": ""BUY"", ""notional_usdt"": 10, ""leverage"": 1}, ""reasons"": [""quote: 지연 99.00s > 5.00s""]}"
2026-05-10T03:01:38.593568+00:00,PAPER_ORDER_FILLED,"{""order_id"": ""paper-f7c4e3c377"", ""status"": ""FILLED"", ""symbol"": ""BTC/USDT"", ""side"": ""BUY"", ""notional_usdt"": 10.0, ""filled_price"": 1.000404, ""fee_usdt"": 0.005, ""slippage_pct"": 0.0404, ""created_at"": ""2026-05-10T03:01:38.593532+00:00""}"
2026-05-10T03:01:38.594600+00:00,ORDER_QUEUED_FOR_APPROVAL,"{""approval_id"": ""9e68026f-5975-4bc9-9a32-03da46f89777"", ""order"": {""symbol"": ""BTC/USDT"", ""side"": ""BUY"", ""notional_usdt"": 10, ""leverage"": 1}}"
2026-05-10T03:02:09.914253+00:00,PAPER_ORDER_FILLED,"{""order_id"": ""paper-d068be4816"", ""status"": ""FILLED"", ""symbol"": ""BTC/USDT"", ""side"": ""BUY"", ""notional_usdt"": 10.0, ""filled_price"": 100054.669557, ""fee_usdt"": 0.005, ""slippage_pct"": 0.0547, ""created_at"": ""2026-05-10T03:02:09.914209+00:00""}"
2026-05-10T03:02:11.719999+00:00,ORDER_REJECTED_BY_RISK,"{""order"": {""symbol"": ""BTC/USDT"", ""side"": ""BUY"", ""notional_usdt"": 10, ""leverage"": 1}, ""reasons"": [""quote: 지연 99.00s > 5.00s""]}"
2026-05-10T03:02:11.721025+00:00,PAPER_ORDER_FILLED,"{""order_id"": ""paper-b508034fd7"", ""status"": ""FILLED"", ""symbol"": ""BTC/USDT"", ""side"": ""BUY"", ""notional_usdt"": 10.0, ""filled_price"": 1.000401, ""fee_usdt"": 0.005, ""slippage_pct"": 0.0401, ""created_at"": ""2026-05-10T03:02:11.720990+00:00""}"
2026-05-10T03:02:11.721973+00:00,ORDER_QUEUED_FOR_APPROVAL,"{""approval_id"": ""2fd0e92e-f7a5-4a79-9504-b3d19458862d"", ""order"": {""symbol"": ""BTC/USDT"", ""side"": ""BUY"", ""notional_usdt"": 10, ""leverage"": 1}}"
2026-05-10T03:16:52.632297+00:00,PAPER_ORDER_FILLED,"{""order_id"": ""paper-3a4b1d7799"", ""status"": ""FILLED"", ""symbol"": ""BTC/USDT"", ""side"": ""BUY"", ""notional_usdt"": 10.0, ""filled_price"": 100046.890018, ""fee_usdt"": 0.005, ""slippage_pct"": 0.0469, ""created_at"": ""2026-05-10T03:16:52.632257+00:00""}"
2026-05-10T03:16:54.421754+00:00,ORDER_REJECTED_BY_RISK,"{""order"": {""symbol"": ""BTC/USDT"", ""side"": ""BUY"", ""notional_usdt"": 10, ""leverage"": 1}, ""reasons"": [""quote: 지연 99.00s > 5.00s""]}"
2026-05-10T03:16:54.422773+00:00,PAPER_ORDER_FILLED,"{""order_id"": ""paper-44df5bcd27"", ""status"": ""FILLED"", ""symbol"": ""BTC/USDT"", ""side"": ""BUY"", ""notional_usdt"": 10.0, ""filled_price"": 1.000581, ""fee_usdt"": 0.005, ""slippage_pct"": 0.0581, ""created_at"": ""2026-05-10T03:16:54.422739+00:00""}"
2026-05-10T03:16:54.423734+00:00,ORDER_QUEUED_FOR_APPROVAL,"{""approval_id"": ""fcc27ca6-4e09-4019-914c-8b019c4efd1c"", ""order"": {""symbol"": ""BTC/USDT"", ""side"": ""BUY"", ""notional_usdt"": 10, ""leverage"": 1}}"
2026-05-10T03:17:35.091204+00:00,PAPER_ORDER_FILLED,"{""order_id"": ""paper-67f895d8db"", ""status"": ""FILLED"", ""symbol"": ""BTC/USDT"", ""side"": ""BUY"", ""notional_usdt"": 10.0, ""filled_price"": 100053.538904, ""fee_usdt"": 0.005, ""slippage_pct"": 0.0535, ""created_at"": ""2026-05-10T03:17:35.091165+00:00""}"
2026-05-10T03:17:36.892110+00:00,ORDER_REJECTED_BY_RISK,"{""order"": {""symbol"": ""BTC/USDT"", ""side"": ""BUY"", ""notional_usdt"": 10, ""leverage"": 1}, ""reasons"": [""quote: 지연 99.00s > 5.00s""]}"
2026-05-10T03:17:36.893086+00:00,PAPER_ORDER_FILLED,"{""order_id"": ""paper-65f1ac8a0d"", ""status"": ""FILLED"", ""symbol"": ""BTC/USDT"", ""side"": ""BUY"", ""notional_usdt"": 10.0, ""filled_price"": 1.000591, ""fee_usdt"": 0.005, ""slippage_pct"": 0.0591, ""created_at"": ""2026-05-10T03:17:36.893055+00:00""}"
2026-05-10T03:17:36.894176+00:00,ORDER_QUEUED_FOR_APPROVAL,"{""approval_id"": ""f570aa9a-c9ad-41bd-a654-07d511a2903b"", ""order"": {""symbol"": ""BTC/USDT"", ""side"": ""BUY"", ""notional_usdt"": 10, ""leverage"": 1}}"
2026-05-10T03:20:47.673233+00:00,PAPER_ORDER_FILLED,"{""order_id"": ""paper-28bd559322"", ""status"": ""FILLED"", ""symbol"": ""BTC/USDT"", ""side"": ""BUY"", ""notional_usdt"": 10.0, ""filled_price"": 100056.332501, ""fee_usdt"": 0.005, ""slippage_pct"": 0.0563, ""created_at"": ""2026-05-10T03:20:47.673194+00:00""}"
2026-05-10T03:20:49.514505+00:00,ORDER_REJECTED_BY_RISK,"{""order"": {""symbol"": ""BTC/USDT"", ""side"": ""BUY"", ""notional_usdt"": 10, ""leverage"": 1}, ""reasons"": [""quote: 지연 99.00s > 5.00s""]}"
2026-05-10T03:20:49.515598+00:00,PAPER_ORDER_FILLED,"{""order_id"": ""paper-1b4cddd167"", ""status"": ""FILLED"", ""symbol"": ""BTC/USDT"", ""side"": ""BUY"", ""notional_usdt"": 10.0, ""filled_price"": 1.000538, ""fee_usdt"": 0.005, ""slippage_pct"": 0.0538, ""created_at"": ""2026-05-10T03:20:49.515561+00:00""}"
2026-05-10T03:20:49.516549+00:00,ORDER_QUEUED_FOR_APPROVAL,"{""approval_id"": ""ded91647-a456-4143-a462-27661b82a9a4"", ""order"": {""symbol"": ""BTC/USDT"", ""side"": ""BUY"", ""notional_usdt"": 10, ""leverage"": 1}}"
2026-05-10T03:21:55.049865+00:00,PAPER_ORDER_FILLED,"{""order_id"": ""paper-b7fe93a7a0"", ""status"": ""FILLED"", ""symbol"": ""BTC/USDT"", ""side"": ""BUY"", ""notional_usdt"": 10.0, ""filled_price"": 100044.849219, ""fee_usdt"": 0.005, ""slippage_pct"": 0.0448, ""created_at"": ""2026-05-10T03:21:55.049823+00:00""}"
2026-05-10T03:21:56.861505+00:00,ORDER_REJECTED_BY_RISK,"{""order"": {""symbol"": ""BTC/USDT"", ""side"": ""BUY"", ""notional_usdt"": 10, ""leverage"": 1}, ""reasons"": [""quote: 지연 99.00s > 5.00s""]}"
2026-05-10T03:21:56.862479+00:00,PAPER_ORDER_FILLED,"{""order_id"": ""paper-5038234531"", ""status"": ""FILLED"", ""symbol"": ""BTC/USDT"", ""side"": ""BUY"", ""notional_usdt"": 10.0, ""filled_price"": 1.000492, ""fee_usdt"": 0.005, ""slippage_pct"": 0.0492, ""created_at"": ""2026-05-10T03:21:56.862445+00:00""}"
2026-05-10T03:21:56.863419+00:00,ORDER_QUEUED_FOR_APPROVAL,"{""approval_id"": ""4387d605-a9df-4587-8dfd-72328e0d9210"", ""order"": {""symbol"": ""BTC/USDT"", ""side"": ""BUY"", ""notional_usdt"": 10, ""leverage"": 1}}"
2026-05-10T03:22:32.168384+00:00,PAPER_ORDER_FILLED,"{""order_id"": ""paper-ef0eb2779c"", ""status"": ""FILLED"", ""symbol"": ""BTC/USDT"", ""side"": ""BUY"", ""notional_usdt"": 10.0, ""filled_price"": 100043.056469, ""fee_usdt"": 0.005, ""slippage_pct"": 0.0431, ""created_at"": ""2026-05-10T03:22:32.168340+00:00""}"
2026-05-10T03:22:33.936458+00:00,ORDER_REJECTED_BY_RISK,"{""order"": {""symbol"": ""BTC/USDT"", ""side"": ""BUY"", ""notional_usdt"": 10, ""leverage"": 1}, ""reasons"": [""quote: 지연 99.00s > 5.00s""]}"
2026-05-10T03:22:33.937612+00:00,PAPER_ORDER_FILLED,"{""order_id"": ""paper-f5d4c35690"", ""status"": ""FILLED"", ""symbol"": ""BTC/USDT"", ""side"": ""BUY"", ""notional_usdt"": 10.0, ""filled_price"": 1.000519, ""fee_usdt"": 0.005, ""slippage_pct"": 0.0519, ""created_at"": ""2026-05-10T03:22:33.937573+00:00""}"
2026-05-10T03:22:33.938786+00:00,ORDER_QUEUED_FOR_APPROVAL,"{""approval_id"": ""49295e42-c2fe-4d6a-ada9-f661889c599c"", ""order"": {""symbol"": ""BTC/USDT"", ""side"": ""BUY"", ""notional_usdt"": 10, ""leverage"": 1}}"
2026-05-10T03:31:56.971856+00:00,PAPER_ORDER_FILLED,"{""order_id"": ""paper-timeout-f6c62074"", ""status"": ""TIMEOUT"", ""symbol"": ""BTC/USDT"", ""side"": ""BUY"", ""notional_usdt"": 10.0, ""filled_price"": 0.0, ""fee_usdt"": 0.0, ""slippage_pct"": 0.0, ""created_at"": ""2026-05-10T03:31:56.971812+00:00""}"
2026-05-10T03:31:58.875354+00:00,ORDER_REJECTED_BY_RISK,"{""order"": {""symbol"": ""BTC/USDT"", ""side"": ""BUY"", ""notional_usdt"": 10, ""leverage"": 1}, ""reasons"": [""quote: 지연 99.00s > 5.00s""]}"
2026-05-10T03:31:58.876357+00:00,PAPER_ORDER_FILLED,"{""order_id"": ""paper-0ab23921f6"", ""status"": ""FILLED"", ""symbol"": ""BTC/USDT"", ""side"": ""BUY"", ""notional_usdt"": 10.0, ""filled_price"": 1.000572, ""fee_usdt"": 0.005, ""slippage_pct"": 0.0572, ""created_at"": ""2026-05-10T03:31:58.876315+00:00""}"
2026-05-10T03:31:58.877292+00:00,ORDER_QUEUED_FOR_APPROVAL,"{""approval_id"": ""9580ecd5-36dc-4c30-b1bc-989f168d6490"", ""order"": {""symbol"": ""BTC/USDT"", ""side"": ""BUY"", ""notional_usdt"": 10, ""leverage"": 1}}"
2026-05-10T03:35:09.906850+00:00,PAPER_ORDER_FILLED,"{""order_id"": ""paper-88b061eb90"", ""status"": ""FILLED"", ""symbol"": ""BTC/USDT"", ""side"": ""BUY"", ""notional_usdt"": 10.0, ""filled_price"": 100056.51795, ""fee_usdt"": 0.005, ""slippage_pct"": 0.0565, ""created_at"": ""2026-05-10T03:35:09.906809+00:00""}"
2026-05-10T03:36:00.787267+00:00,PAPER_ORDER_FILLED,"{""order_id"": ""paper-7fb617fb0c"", ""status"": ""FILLED"", ""symbol"": ""BTC/USDT"", ""side"": ""BUY"", ""notional_usdt"": 10.0, ""filled_price"": 100042.183661, ""fee_usdt"": 0.005, ""slippage_pct"": 0.0422, ""created_at"": ""2026-05-10T03:36:00.787227+00:00""}"
2026-05-10T03:36:02.607924+00:00,ORDER_REJECTED_BY_RISK,"{""order"": {""symbol"": ""BTC/USDT"", ""side"": ""BUY"", ""notional_usdt"": 10, ""leverage"": 1}, ""reasons"": [""quote: 지연 99.00s > 5.00s""]}"
2026-05-10T03:36:02.608935+00:00,PAPER_ORDER_FILLED,"{""order_id"": ""paper-081733d212"", ""status"": ""FILLED"", ""symbol"": ""BTC/USDT"", ""side"": ""BUY"", ""notional_usdt"": 10.0, ""filled_price"": 1.000562, ""fee_usdt"": 0.005, ""slippage_pct"": 0.0562, ""created_at"": ""2026-05-10T03:36:02.608900+00:00""}"
2026-05-10T03:36:02.609965+00:00,ORDER_QUEUED_FOR_APPROVAL,"{""approval_id"": ""de88111c-e5c6-42aa-a913-287fd774e9f5"", ""order"": {""symbol"": ""BTC/USDT"", ""side"": ""BUY"", ""notional_usdt"": 10, ""leverage"": 1}}"
2026-05-10T03:39:41.289029+00:00,PAPER_ORDER_FILLED,"{""order_id"": ""paper-2d85fb397a"", ""status"": ""FILLED"", ""symbol"": ""BTC/USDT"", ""side"": ""BUY"", ""notional_usdt"": 10.0, ""filled_price"": 100040.216599, ""fee_usdt"": 0.005, ""slippage_pct"": 0.0402, ""created_at"": ""2026-05-10T03:39:41.288993+00:00""}"
2026-05-10T03:40:13.264968+00:00,PAPER_ORDER_FILLED,"{""order_id"": ""paper-9e8ba47948"", ""status"": ""FILLED"", ""symbol"": ""BTC/USDT"", ""side"": ""BUY"", ""notional_usdt"": 10.0, ""filled_price"": 100053.27795, ""fee_usdt"": 0.005, ""slippage_pct"": 0.0533, ""created_at"": ""2026-05-10T03:40:13.264926+00:00""}"
2026-05-10T03:40:15.285471+00:00,ORDER_REJECTED_BY_RISK,"{""order"": {""symbol"": ""BTC/USDT"", ""side"": ""BUY"", ""notional_usdt"": 10, ""leverage"": 1}, ""reasons"": [""quote: 지연 99.00s > 5.00s""]}"
2026-05-10T03:40:15.286466+00:00,PAPER_ORDER_FILLED,"{""order_id"": ""paper-79263dbef2"", ""status"": ""FILLED"", ""symbol"": ""BTC/USDT"", ""side"": ""BUY"", ""notional_usdt"": 10.0, ""filled_price"": 1.000529, ""fee_usdt"": 0.005, ""slippage_pct"": 0.0529, ""created_at"": ""2026-05-10T03:40:15.286431+00:00""}"
2026-05-10T03:40:15.287406+00:00,ORDER_QUEUED_FOR_APPROVAL,"{""approval_id"": ""694b46e0-4810-4872-b1a6-61a78e59ed4b"", ""order"": {""symbol"": ""BTC/USDT"", ""side"": ""BUY"", ""notional_usdt"": 10, ""leverage"": 1}}"
2026-05-10T03:40:40.616590+00:00,PAPER_ORDER_FILLED,"{""order_id"": ""paper-543de6d9ea"", ""status"": ""FILLED"", ""symbol"": ""BTC/USDT"", ""side"": ""BUY"", ""notional_usdt"": 10.0, ""filled_price"": 100059.357967, ""fee_usdt"": 0.005, ""slippage_pct"": 0.0594, ""created_at"": ""2026-05-10T03:40:40.616550+00:00""}"
2026-05-10T03:40:42.476500+00:00,ORDER_REJECTED_BY_RISK,"{""order"": {""symbol"": ""BTC/USDT"", ""side"": ""BUY"", ""notional_usdt"": 10, ""leverage"": 1}, ""reasons"": [""quote: 지연 99.00s > 5.00s""]}"
2026-05-10T03:40:42.477565+00:00,PAPER_ORDER_FILLED,"{""order_id"": ""paper-de0082e95a"", ""status"": ""FILLED"", ""symbol"": ""BTC/USDT"", ""side"": ""BUY"", ""notional_usdt"": 10.0, ""filled_price"": 1.000481, ""fee_usdt"": 0.005, ""slippage_pct"": 0.0481, ""created_at"": ""2026-05-10T03:40:42.477529+00:00""}"
2026-05-10T03:40:42.478509+00:00,ORDER_QUEUED_FOR_APPROVAL,"{""approval_id"": ""83fad15a-fa3d-4924-bd38-3682374ddd68"", ""order"": {""symbol"": ""BTC/USDT"", ""side"": ""BUY"", ""notional_usdt"": 10, ""leverage"": 1}}"
2026-05-10T03:41:32.818520+00:00,PAPER_ORDER_FILLED,"{""order_id"": ""paper-be3ff64f07"", ""status"": ""FILLED"", ""symbol"": ""BTC/USDT"", ""side"": ""BUY"", ""notional_usdt"": 10.0, ""filled_price"": 100043.821362, ""fee_usdt"": 0.005, ""slippage_pct"": 0.0438, ""created_at"": ""2026-05-10T03:41:32.818479+00:00""}"
2026-05-10T03:41:34.841650+00:00,ORDER_REJECTED_BY_RISK,"{""order"": {""symbol"": ""BTC/USDT"", ""side"": ""BUY"", ""notional_usdt"": 10, ""leverage"": 1}, ""reasons"": [""quote: 지연 99.00s > 5.00s""]}"
2026-05-10T03:41:34.842664+00:00,PAPER_ORDER_FILLED,"{""order_id"": ""paper-d1147d5efa"", ""status"": ""FILLED"", ""symbol"": ""BTC/USDT"", ""side"": ""BUY"", ""notional_usdt"": 10.0, ""filled_price"": 1.000561, ""fee_usdt"": 0.005, ""slippage_pct"": 0.0561, ""created_at"": ""2026-05-10T03:41:34.842631+00:00""}"
2026-05-10T03:41:34.843632+00:00,ORDER_QUEUED_FOR_APPROVAL,"{""approval_id"": ""2e72d008-8352-4637-9c1c-8e29aa56488d"", ""order"": {""symbol"": ""BTC/USDT"", ""side"": ""BUY"", ""notional_usdt"": 10, ""leverage"": 1}}"
2026-05-10T03:41:58.101627+00:00,PAPER_ORDER_FILLED,"{""order_id"": ""paper-7d50469fd6"", ""status"": ""FILLED"", ""symbol"": ""BTC/USDT"", ""side"": ""BUY"", ""notional_usdt"": 10.0, ""filled_price"": 100052.717021, ""fee_usdt"": 0.005, ""slippage_pct"": 0.0527, ""created_at"": ""2026-05-10T03:41:58.101561+00:00""}"
2026-05-10T03:41:59.975901+00:00,ORDER_REJECTED_BY_RISK,"{""order"": {""symbol"": ""BTC/USDT"", ""side"": ""BUY"", ""notional_usdt"": 10, ""leverage"": 1}, ""reasons"": [""quote: 지연 99.00s > 5.00s""]}"
2026-05-10T03:41:59.976988+00:00,PAPER_ORDER_FILLED,"{""order_id"": ""paper-cb1d7fd237"", ""status"": ""FILLED"", ""symbol"": ""BTC/USDT"", ""side"": ""BUY"", ""notional_usdt"": 10.0, ""filled_price"": 1.000488, ""fee_usdt"": 0.005, ""slippage_pct"": 0.0488, ""created_at"": ""2026-05-10T03:41:59.976952+00:00""}"
2026-05-10T03:41:59.977898+00:00,ORDER_QUEUED_FOR_APPROVAL,"{""approval_id"": ""7927c7c2-888b-4965-b7f5-60923620e708"", ""order"": {""symbol"": ""BTC/USDT"", ""side"": ""BUY"", ""notional_usdt"": 10, ""leverage"": 1}}"
2026-05-10T03:45:22.727878+00:00,PAPER_ORDER_FILLED,"{""order_id"": ""paper-d3619375f9"", ""status"": ""FILLED"", ""symbol"": ""BTC/USDT"", ""side"": ""BUY"", ""notional_usdt"": 10.0, ""filled_price"": 100054.630321, ""fee_usdt"": 0.005, ""slippage_pct"": 0.0546, ""created_at"": ""2026-05-10T03:45:22.727837+00:00""}"
2026-05-10T03:45:24.624217+00:00,ORDER_REJECTED_BY_RISK,"{""order"": {""symbol"": ""BTC/USDT"", ""side"": ""BUY"", ""notional_usdt"": 10, ""leverage"": 1}, ""reasons"": [""quote: 지연 99.00s > 5.00s""]}"
2026-05-10T03:45:24.625216+00:00,PAPER_ORDER_FILLED,"{""order_id"": ""paper-cda52d035e"", ""status"": ""FILLED"", ""symbol"": ""BTC/USDT"", ""side"": ""BUY"", ""notional_usdt"": 10.0, ""filled_price"": 1.000577, ""fee_usdt"": 0.005, ""slippage_pct"": 0.0577, ""created_at"": ""2026-05-10T03:45:24.625181+00:00""}"
2026-05-10T03:45:24.626147+00:00,ORDER_QUEUED_FOR_APPROVAL,"{""approval_id"": ""ce1caadb-335c-4b3a-85c4-60c410a008e0"", ""order"": {""symbol"": ""BTC/USDT"", ""side"": ""BUY"", ""notional_usdt"": 10, ""leverage"": 1}}"
2026-05-10T03:46:11.526550+00:00,PAPER_ORDER_FILLED,"{""order_id"": ""paper-90303d1245"", ""status"": ""FILLED"", ""symbol"": ""BTC/USDT"", ""side"": ""BUY"", ""notional_usdt"": 10.0, ""filled_price"": 100058.519476, ""fee_usdt"": 0.005, ""slippage_pct"": 0.0585, ""created_at"": ""2026-05-10T03:46:11.526512+00:00""}"
2026-05-10T03:46:13.417625+00:00,ORDER_REJECTED_BY_RISK,"{""order"": {""symbol"": ""BTC/USDT"", ""side"": ""BUY"", ""notional_usdt"": 10, ""leverage"": 1}, ""reasons"": [""quote: 지연 99.00s > 5.00s""]}"
2026-05-10T03:46:13.418645+00:00,PAPER_ORDER_FILLED,"{""order_id"": ""paper-3b30341b9f"", ""status"": ""FILLED"", ""symbol"": ""BTC/USDT"", ""side"": ""BUY"", ""notional_usdt"": 10.0, ""filled_price"": 1.000455, ""fee_usdt"": 0.005, ""slippage_pct"": 0.0455, ""created_at"": ""2026-05-10T03:46:13.418606+00:00""}"
2026-05-10T03:46:13.419594+00:00,ORDER_QUEUED_FOR_APPROVAL,"{""approval_id"": ""ce858d7a-24a7-4ed8-a1fa-9ef265abd862"", ""order"": {""symbol"": ""BTC/USDT"", ""side"": ""BUY"", ""notional_usdt"": 10, ""leverage"": 1}}"
2026-05-10T03:47:11.721286+00:00,PAPER_ORDER_FILLED,"{""order_id"": ""paper-a3492dffdd"", ""status"": ""FILLED"", ""symbol"": ""BTC/USDT"", ""side"": ""BUY"", ""notional_usdt"": 10.0, ""filled_price"": 100040.42339, ""fee_usdt"": 0.005, ""slippage_pct"": 0.0404, ""created_at"": ""2026-05-10T03:47:11.721246+00:00""}"
2026-05-10T03:47:13.597982+00:00,ORDER_REJECTED_BY_RISK,"{""order"": {""symbol"": ""BTC/USDT"", ""side"": ""BUY"", ""notional_usdt"": 10, ""leverage"": 1}, ""reasons"": [""quote: 지연 99.00s > 5.00s""]}"
2026-05-10T03:47:13.599005+00:00,PAPER_ORDER_FILLED,"{""order_id"": ""paper-f8ce56ba8a"", ""status"": ""FILLED"", ""symbol"": ""BTC/USDT"", ""side"": ""BUY"", ""notional_usdt"": 10.0, ""filled_price"": 1.000516, ""fee_usdt"": 0.005, ""slippage_pct"": 0.0516, ""created_at"": ""2026-05-10T03:47:13.598971+00:00""}"
2026-05-10T03:47:13.599975+00:00,ORDER_QUEUED_FOR_APPROVAL,"{""approval_id"": ""91e36e91-428b-4c6e-b052-60fb688faff8"", ""order"": {""symbol"": ""BTC/USDT"", ""side"": ""BUY"", ""notional_usdt"": 10, ""leverage"": 1}}"
2026-05-10T03:48:00.838110+00:00,PAPER_ORDER_FILLED,"{""order_id"": ""paper-afc272ae83"", ""status"": ""FILLED"", ""symbol"": ""BTC/USDT"", ""side"": ""BUY"", ""notional_usdt"": 10.0, ""filled_price"": 100048.010383, ""fee_usdt"": 0.005, ""slippage_pct"": 0.048, ""created_at"": ""2026-05-10T03:48:00.838070+00:00""}"
2026-05-10T03:48:02.686297+00:00,ORDER_REJECTED_BY_RISK,"{""order"": {""symbol"": ""BTC/USDT"", ""side"": ""BUY"", ""notional_usdt"": 10, ""leverage"": 1}, ""reasons"": [""quote: 지연 99.00s > 5.00s""]}"
2026-05-10T03:48:02.687305+00:00,PAPER_ORDER_FILLED,"{""order_id"": ""paper-598ef265a2"", ""status"": ""FILLED"", ""symbol"": ""BTC/USDT"", ""side"": ""BUY"", ""notional_usdt"": 10.0, ""filled_price"": 1.000472, ""fee_usdt"": 0.005, ""slippage_pct"": 0.0472, ""created_at"": ""2026-05-10T03:48:02.687270+00:00""}"
2026-05-10T03:48:02.688223+00:00,ORDER_QUEUED_FOR_APPROVAL,"{""approval_id"": ""004f7c14-45df-47f5-84f0-49ebdeba9461"", ""order"": {""symbol"": ""BTC/USDT"", ""side"": ""BUY"", ""notional_usdt"": 10, ""leverage"": 1}}"
2026-05-10T03:51:08.350314+00:00,PAPER_ORDER_FILLED,"{""order_id"": ""paper-timeout-8a60caf5"", ""status"": ""TIMEOUT"", ""symbol"": ""BTC/USDT"", ""side"": ""BUY"", ""notional_usdt"": 10.0, ""filled_price"": 0.0, ""fee_usdt"": 0.0, ""slippage_pct"": 0.0, ""created_at"": ""2026-05-10T03:51:08.350274+00:00""}"
2026-05-10T03:51:10.242899+00:00,ORDER_REJECTED_BY_RISK,"{""order"": {""symbol"": ""BTC/USDT"", ""side"": ""BUY"", ""notional_usdt"": 10, ""leverage"": 1}, ""reasons"": [""quote: 지연 99.00s > 5.00s""]}"
2026-05-10T03:51:10.243851+00:00,PAPER_ORDER_FILLED,"{""order_id"": ""paper-bb824f9ba1"", ""status"": ""FILLED"", ""symbol"": ""BTC/USDT"", ""side"": ""BUY"", ""notional_usdt"": 10.0, ""filled_price"": 1.000477, ""fee_usdt"": 0.005, ""slippage_pct"": 0.0477, ""created_at"": ""2026-05-10T03:51:10.243818+00:00""}"
2026-05-10T03:51:10.244788+00:00,ORDER_QUEUED_FOR_APPROVAL,"{""approval_id"": ""8c5173e5-1ac8-47c3-9587-855ca9f0fb9f"", ""order"": {""symbol"": ""BTC/USDT"", ""side"": ""BUY"", ""notional_usdt"": 10, ""leverage"": 1}}"
2026-05-10T03:51:56.455873+00:00,PAPER_ORDER_FILLED,"{""order_id"": ""paper-caf6b57c96"", ""status"": ""FILLED"", ""symbol"": ""BTC/USDT"", ""side"": ""BUY"", ""notional_usdt"": 10.0, ""filled_price"": 100045.417479, ""fee_usdt"": 0.005, ""slippage_pct"": 0.0454, ""created_at"": ""2026-05-10T03:51:56.455831+00:00""}"
2026-05-10T03:51:58.323265+00:00,ORDER_REJECTED_BY_RISK,"{""order"": {""symbol"": ""BTC/USDT"", ""side"": ""BUY"", ""notional_usdt"": 10, ""leverage"": 1}, ""reasons"": [""quote: 지연 99.00s > 5.00s""]}"
2026-05-10T03:51:58.324310+00:00,PAPER_ORDER_FILLED,"{""order_id"": ""paper-4274aa4ab3"", ""status"": ""FILLED"", ""symbol"": ""BTC/USDT"", ""side"": ""BUY"", ""notional_usdt"": 10.0, ""filled_price"": 1.000487, ""fee_usdt"": 0.005, ""slippage_pct"": 0.0487, ""created_at"": ""2026-05-10T03:51:58.324276+00:00""}"
2026-05-10T03:51:58.325275+00:00,ORDER_QUEUED_FOR_APPROVAL,"{""approval_id"": ""f2e6c823-f093-4979-9d47-743635a211b3"", ""order"": {""symbol"": ""BTC/USDT"", ""side"": ""BUY"", ""notional_usdt"": 10, ""leverage"": 1}}"
2026-05-10T03:52:26.641731+00:00,PAPER_ORDER_FILLED,"{""order_id"": ""paper-e2959993ac"", ""status"": ""FILLED"", ""symbol"": ""BTC/USDT"", ""side"": ""BUY"", ""notional_usdt"": 10.0, ""filled_price"": 100042.509204, ""fee_usdt"": 0.005, ""slippage_pct"": 0.0425, ""created_at"": ""2026-05-10T03:52:26.641665+00:00""}"
2026-05-10T03:52:28.526123+00:00,ORDER_REJECTED_BY_RISK,"{""order"": {""symbol"": ""BTC/USDT"", ""side"": ""BUY"", ""notional_usdt"": 10, ""leverage"": 1}, ""reasons"": [""quote: 지연 99.00s > 5.00s""]}"
2026-05-10T03:52:28.527113+00:00,PAPER_ORDER_FILLED,"{""order_id"": ""paper-bfab254090"", ""status"": ""FILLED"", ""symbol"": ""BTC/USDT"", ""side"": ""BUY"", ""notional_usdt"": 10.0, ""filled_price"": 1.000491, ""fee_usdt"": 0.005, ""slippage_pct"": 0.0491, ""created_at"": ""2026-05-10T03:52:28.527080+00:00""}"
2026-05-10T03:52:28.528012+00:00,ORDER_QUEUED_FOR_APPROVAL,"{""approval_id"": ""1f769e92-5fa2-4e73-b5b4-e0bc9c8a855b"", ""order"": {""symbol"": ""BTC/USDT"", ""side"": ""BUY"", ""notional_usdt"": 10, ""leverage"": 1}}"
2026-05-10T03:53:03.170428+00:00,PAPER_ORDER_FILLED,"{""order_id"": ""paper-66d1798d83"", ""status"": ""FILLED"", ""symbol"": ""BTC/USDT"", ""side"": ""BUY"", ""notional_usdt"": 10.0, ""filled_price"": 100054.742459, ""fee_usdt"": 0.005, ""slippage_pct"": 0.0547, ""created_at"": ""2026-05-10T03:53:03.170387+00:00""}"
2026-05-10T03:53:05.068815+00:00,ORDER_REJECTED_BY_RISK,"{""order"": {""symbol"": ""BTC/USDT"", ""side"": ""BUY"", ""notional_usdt"": 10, ""leverage"": 1}, ""reasons"": [""quote: 지연 99.00s > 5.00s""]}"
2026-05-10T03:53:05.069863+00:00,PAPER_ORDER_FILLED,"{""order_id"": ""paper-b3e06b793c"", ""status"": ""FILLED"", ""symbol"": ""BTC/USDT"", ""side"": ""BUY"", ""notional_usdt"": 10.0, ""filled_price"": 1.000482, ""fee_usdt"": 0.005, ""slippage_pct"": 0.0482, ""created_at"": ""2026-05-10T03:53:05.069828+00:00""}"
2026-05-10T03:53:05.070854+00:00,ORDER_QUEUED_FOR_APPROVAL,"{""approval_id"": ""6660af56-f552-4769-901b-a4c77aab18c2"", ""order"": {""symbol"": ""BTC/USDT"", ""side"": ""BUY"", ""notional_usdt"": 10, ""leverage"": 1}}"
2026-05-10T03:56:59.956438+00:00,PAPER_ORDER_FILLED,"{""order_id"": ""paper-b2072cd082"", ""status"": ""FILLED"", ""symbol"": ""BTC/USDT"", ""side"": ""BUY"", ""notional_usdt"": 10.0, ""filled_price"": 100051.260368, ""fee_usdt"": 0.005, ""slippage_pct"": 0.0513, ""created_at"": ""2026-05-10T03:56:59.956397+00:00""}"
2026-05-10T03:57:01.857961+00:00,ORDER_REJECTED_BY_RISK,"{""order"": {""symbol"": ""BTC/USDT"", ""side"": ""BUY"", ""notional_usdt"": 10, ""leverage"": 1}, ""reasons"": [""quote: 지연 99.00s > 5.00s""]}"
2026-05-10T03:57:01.858959+00:00,PAPER_ORDER_FILLED,"{""order_id"": ""paper-3d794a3a81"", ""status"": ""FILLED"", ""symbol"": ""BTC/USDT"", ""side"": ""BUY"", ""notional_usdt"": 10.0, ""filled_price"": 1.000461, ""fee_usdt"": 0.005, ""slippage_pct"": 0.0461, ""created_at"": ""2026-05-10T03:57:01.858924+00:00""}"
2026-05-10T03:57:01.859930+00:00,ORDER_QUEUED_FOR_APPROVAL,"{""approval_id"": ""811c6cb4-ba96-486b-bb38-dd88c38eec29"", ""order"": {""symbol"": ""BTC/USDT"", ""side"": ""BUY"", ""notional_usdt"": 10, ""leverage"": 1}}"
2026-05-10T03:57:55.457262+00:00,PAPER_ORDER_FILLED,"{""order_id"": ""paper-29c9ccacde"", ""status"": ""FILLED"", ""symbol"": ""BTC/USDT"", ""side"": ""BUY"", ""notional_usdt"": 10.0, ""filled_price"": 100045.145494, ""fee_usdt"": 0.005, ""slippage_pct"": 0.0451, ""created_at"": ""2026-05-10T03:57:55.457222+00:00""}"
2026-05-10T03:57:57.340395+00:00,ORDER_REJECTED_BY_RISK,"{""order"": {""symbol"": ""BTC/USDT"", ""side"": ""BUY"", ""notional_usdt"": 10, ""leverage"": 1}, ""reasons"": [""quote: 지연 99.00s > 5.00s""]}"
2026-05-10T03:57:57.341394+00:00,PAPER_ORDER_FILLED,"{""order_id"": ""paper-812a622d33"", ""status"": ""FILLED"", ""symbol"": ""BTC/USDT"", ""side"": ""BUY"", ""notional_usdt"": 10.0, ""filled_price"": 1.000591, ""fee_usdt"": 0.005, ""slippage_pct"": 0.0591, ""created_at"": ""2026-05-10T03:57:57.341358+00:00""}"
2026-05-10T03:57:57.342315+00:00,ORDER_QUEUED_FOR_APPROVAL,"{""approval_id"": ""dd283528-14b3-4156-910f-714dcb025896"", ""order"": {""symbol"": ""BTC/USDT"", ""side"": ""BUY"", ""notional_usdt"": 10, ""leverage"": 1}}"
2026-05-10T03:58:25.248969+00:00,PAPER_ORDER_FILLED,"{""order_id"": ""paper-05d63dc9b3"", ""status"": ""FILLED"", ""symbol"": ""BTC/USDT"", ""side"": ""BUY"", ""notional_usdt"": 10.0, ""filled_price"": 100059.229002, ""fee_usdt"": 0.005, ""slippage_pct"": 0.0592, ""created_at"": ""2026-05-10T03:58:25.248928+00:00""}"
2026-05-10T03:58:27.108708+00:00,ORDER_REJECTED_BY_RISK,"{""order"": {""symbol"": ""BTC/USDT"", ""side"": ""BUY"", ""notional_usdt"": 10, ""leverage"": 1}, ""reasons"": [""quote: 지연 99.00s > 5.00s""]}"
2026-05-10T03:58:27.109696+00:00,PAPER_ORDER_FILLED,"{""order_id"": ""paper-b3f45b8fe9"", ""status"": ""FILLED"", ""symbol"": ""BTC/USDT"", ""side"": ""BUY"", ""notional_usdt"": 10.0, ""filled_price"": 1.00059, ""fee_usdt"": 0.005, ""slippage_pct"": 0.059, ""created_at"": ""2026-05-10T03:58:27.109662+00:00""}"
2026-05-10T03:58:27.110648+00:00,ORDER_QUEUED_FOR_APPROVAL,"{""approval_id"": ""cb47a92b-ba3b-438b-8f23-5dd15fff1d42"", ""order"": {""symbol"": ""BTC/USDT"", ""side"": ""BUY"", ""notional_usdt"": 10, ""leverage"": 1}}"
2026-05-10T03:58:46.113652+00:00,PAPER_ORDER_FILLED,"{""order_id"": ""paper-7fbd02d17d"", ""status"": ""FILLED"", ""symbol"": ""BTC/USDT"", ""side"": ""BUY"", ""notional_usdt"": 10.0, ""filled_price"": 100041.953483, ""fee_usdt"": 0.005, ""slippage_pct"": 0.042, ""created_at"": ""2026-05-10T03:58:46.113613+00:00""}"
2026-05-10T03:58:47.984205+00:00,ORDER_REJECTED_BY_RISK,"{""order"": {""symbol"": ""BTC/USDT"", ""side"": ""BUY"", ""notional_usdt"": 10, ""leverage"": 1}, ""reasons"": [""quote: 지연 99.00s > 5.00s""]}"
2026-05-10T03:58:47.985211+00:00,PAPER_ORDER_FILLED,"{""order_id"": ""paper-59b91b1c05"", ""status"": ""FILLED"", ""symbol"": ""BTC/USDT"", ""side"": ""BUY"", ""notional_usdt"": 10.0, ""filled_price"": 1.00059, ""fee_usdt"": 0.005, ""slippage_pct"": 0.059, ""created_at"": ""2026-05-10T03:58:47.985177+00:00""}"
2026-05-10T03:58:47.986151+00:00,ORDER_QUEUED_FOR_APPROVAL,"{""approval_id"": ""c4fa468d-d173-4ffc-b92f-d9c1673e86ca"", ""order"": {""symbol"": ""BTC/USDT"", ""side"": ""BUY"", ""notional_usdt"": 10, ""leverage"": 1}}"
2026-05-10T04:05:37.453071+00:00,PAPER_ORDER_FILLED,"{""order_id"": ""paper-6afb023c33"", ""status"": ""FILLED"", ""symbol"": ""BTC/USDT"", ""side"": ""BUY"", ""notional_usdt"": 10.0, ""filled_price"": 100045.727526, ""fee_usdt"": 0.005, ""slippage_pct"": 0.0457, ""created_at"": ""2026-05-10T04:05:37.453032+00:00""}"
2026-05-10T04:05:39.326595+00:00,ORDER_REJECTED_BY_RISK,"{""order"": {""symbol"": ""BTC/USDT"", ""side"": ""BUY"", ""notional_usdt"": 10, ""leverage"": 1}, ""reasons"": [""quote: 지연 99.00s > 5.00s""]}"
2026-05-10T04:05:39.327595+00:00,PAPER_ORDER_FILLED,"{""order_id"": ""paper-bf98858642"", ""status"": ""FILLED"", ""symbol"": ""BTC/USDT"", ""side"": ""BUY"", ""notional_usdt"": 10.0, ""filled_price"": 1.000456, ""fee_usdt"": 0.005, ""slippage_pct"": 0.0456, ""created_at"": ""2026-05-10T04:05:39.327562+00:00""}"
2026-05-10T04:05:39.328529+00:00,ORDER_QUEUED_FOR_APPROVAL,"{""approval_id"": ""9a729e25-436f-4a4b-a30e-9c4fd3055930"", ""order"": {""symbol"": ""BTC/USDT"", ""side"": ""BUY"", ""notional_usdt"": 10, ""leverage"": 1}}"
2026-05-10T04:12:24.197603+00:00,PAPER_ORDER_FILLED,"{""order_id"": ""paper-88f10cdf48"", ""status"": ""FILLED"", ""symbol"": ""BTC/USDT"", ""side"": ""BUY"", ""notional_usdt"": 10.0, ""filled_price"": 100049.71833, ""fee_usdt"": 0.005, ""slippage_pct"": 0.0497, ""created_at"": ""2026-05-10T04:12:24.197562+00:00""}"
2026-05-10T04:12:26.072319+00:00,ORDER_REJECTED_BY_RISK,"{""order"": {""symbol"": ""BTC/USDT"", ""side"": ""BUY"", ""notional_usdt"": 10, ""leverage"": 1}, ""reasons"": [""quote: 지연 99.00s > 5.00s""]}"
2026-05-10T04:12:26.073314+00:00,PAPER_ORDER_FILLED,"{""order_id"": ""paper-6c6d5dc6bd"", ""status"": ""FILLED"", ""symbol"": ""BTC/USDT"", ""side"": ""BUY"", ""notional_usdt"": 10.0, ""filled_price"": 1.000547, ""fee_usdt"": 0.005, ""slippage_pct"": 0.0547, ""created_at"": ""2026-05-10T04:12:26.073280+00:00""}"
2026-05-10T04:12:26.074253+00:00,ORDER_QUEUED_FOR_APPROVAL,"{""approval_id"": ""af58d392-6c19-4565-8067-0033b2fd8299"", ""order"": {""symbol"": ""BTC/USDT"", ""side"": ""BUY"", ""notional_usdt"": 10, ""leverage"": 1}}"
2026-05-10T04:18:01.858164+00:00,PAPER_ORDER_FILLED,"{""order_id"": ""paper-318f0f3bf0"", ""status"": ""FILLED"", ""symbol"": ""BTC/USDT"", ""side"": ""BUY"", ""notional_usdt"": 10.0, ""filled_price"": 100046.418252, ""fee_usdt"": 0.005, ""slippage_pct"": 0.0464, ""created_at"": ""2026-05-10T04:18:01.858124+00:00""}"
2026-05-10T04:18:03.892311+00:00,ORDER_REJECTED_BY_RISK,"{""order"": {""symbol"": ""BTC/USDT"", ""side"": ""BUY"", ""notional_usdt"": 10, ""leverage"": 1}, ""reasons"": [""quote: 지연 99.00s > 5.00s""]}"
2026-05-10T04:18:03.893318+00:00,PAPER_ORDER_FILLED,"{""order_id"": ""paper-972b8ac544"", ""status"": ""FILLED"", ""symbol"": ""BTC/USDT"", ""side"": ""BUY"", ""notional_usdt"": 10.0, ""filled_price"": 1.000422, ""fee_usdt"": 0.005, ""slippage_pct"": 0.0422, ""created_at"": ""2026-05-10T04:18:03.893283+00:00""}"
2026-05-10T04:18:03.894244+00:00,ORDER_QUEUED_FOR_APPROVAL,"{""approval_id"": ""5ac8908b-5aa2-4d23-b62d-31afbc9fd4ac"", ""order"": {""symbol"": ""BTC/USDT"", ""side"": ""BUY"", ""notional_usdt"": 10, ""leverage"": 1}}"
2026-05-10T04:18:36.646167+00:00,PAPER_ORDER_FILLED,"{""order_id"": ""paper-ddd1241fb0"", ""status"": ""FILLED"", ""symbol"": ""BTC/USDT"", ""side"": ""BUY"", ""notional_usdt"": 10.0, ""filled_price"": 100058.197958, ""fee_usdt"": 0.005, ""slippage_pct"": 0.0582, ""created_at"": ""2026-05-10T04:18:36.646128+00:00""}"
2026-05-10T04:18:38.572424+00:00,ORDER_REJECTED_BY_RISK,"{""order"": {""symbol"": ""BTC/USDT"", ""side"": ""BUY"", ""notional_usdt"": 10, ""leverage"": 1}, ""reasons"": [""quote: 지연 99.00s > 5.00s""]}"
2026-05-10T04:18:38.573479+00:00,PAPER_ORDER_FILLED,"{""order_id"": ""paper-d158214ea6"", ""status"": ""FILLED"", ""symbol"": ""BTC/USDT"", ""side"": ""BUY"", ""notional_usdt"": 10.0, ""filled_price"": 1.000583, ""fee_usdt"": 0.005, ""slippage_pct"": 0.0583, ""created_at"": ""2026-05-10T04:18:38.573443+00:00""}"
2026-05-10T04:18:38.574442+00:00,ORDER_QUEUED_FOR_APPROVAL,"{""approval_id"": ""7a30ff15-b402-44a6-93e5-a1c7fe027cb3"", ""order"": {""symbol"": ""BTC/USDT"", ""side"": ""BUY"", ""notional_usdt"": 10, ""leverage"": 1}}"
2026-05-10T04:24:35.067212+00:00,PAPER_ORDER_FILLED,"{""order_id"": ""paper-1035b3a069"", ""status"": ""FILLED"", ""symbol"": ""BTC/USDT"", ""side"": ""BUY"", ""notional_usdt"": 10.0, ""filled_price"": 100043.84449, ""fee_usdt"": 0.005, ""slippage_pct"": 0.0438, ""created_at"": ""2026-05-10T04:24:35.067171+00:00""}"
2026-05-10T04:24:36.976906+00:00,ORDER_REJECTED_BY_RISK,"{""order"": {""symbol"": ""BTC/USDT"", ""side"": ""BUY"", ""notional_usdt"": 10, ""leverage"": 1}, ""reasons"": [""quote: 지연 99.00s > 5.00s""]}"
2026-05-10T04:24:36.977876+00:00,PAPER_ORDER_FILLED,"{""order_id"": ""paper-cd8db52835"", ""status"": ""FILLED"", ""symbol"": ""BTC/USDT"", ""side"": ""BUY"", ""notional_usdt"": 10.0, ""filled_price"": 1.000503, ""fee_usdt"": 0.005, ""slippage_pct"": 0.0503, ""created_at"": ""2026-05-10T04:24:36.977841+00:00""}"
2026-05-10T04:24:36.978794+00:00,ORDER_QUEUED_FOR_APPROVAL,"{""approval_id"": ""722bd2f0-ccd7-40b6-9739-ae0108a69674"", ""order"": {""symbol"": ""BTC/USDT"", ""side"": ""BUY"", ""notional_usdt"": 10, ""leverage"": 1}}"
2026-05-10T04:30:29.745657+00:00,PAPER_ORDER_FILLED,"{""order_id"": ""paper-82a597e113"", ""status"": ""FILLED"", ""symbol"": ""BTC/USDT"", ""side"": ""BUY"", ""notional_usdt"": 10.0, ""filled_price"": 100049.635852, ""fee_usdt"": 0.005, ""slippage_pct"": 0.0496, ""created_at"": ""2026-05-10T04:30:29.745615+00:00""}"
2026-05-10T04:30:31.725543+00:00,ORDER_REJECTED_BY_RISK,"{""order"": {""symbol"": ""BTC/USDT"", ""side"": ""BUY"", ""notional_usdt"": 10, ""leverage"": 1}, ""reasons"": [""quote: 지연 99.00s > 5.00s""]}"
2026-05-10T04:30:31.726530+00:00,PAPER_ORDER_FILLED,"{""order_id"": ""paper-5b99bc81ef"", ""status"": ""FILLED"", ""symbol"": ""BTC/USDT"", ""side"": ""BUY"", ""notional_usdt"": 10.0, ""filled_price"": 1.000502, ""fee_usdt"": 0.005, ""slippage_pct"": 0.0502, ""created_at"": ""2026-05-10T04:30:31.726495+00:00""}"
2026-05-10T04:30:31.727410+00:00,ORDER_QUEUED_FOR_APPROVAL,"{""approval_id"": ""f84cc823-d659-4852-9e93-116845523fd7"", ""order"": {""symbol"": ""BTC/USDT"", ""side"": ""BUY"", ""notional_usdt"": 10, ""leverage"": 1}}"
2026-05-10T04:33:58.432751+00:00,PAPER_ORDER_FILLED,"{""order_id"": ""paper-dc2ead39ac"", ""status"": ""FILLED"", ""symbol"": ""BTC/USDT"", ""side"": ""BUY"", ""notional_usdt"": 10.0, ""filled_price"": 100045.457475, ""fee_usdt"": 0.005, ""slippage_pct"": 0.0455, ""created_at"": ""2026-05-10T04:33:58.432712+00:00""}"
2026-05-10T04:34:00.357782+00:00,ORDER_REJECTED_BY_RISK,"{""order"": {""symbol"": ""BTC/USDT"", ""side"": ""BUY"", ""notional_usdt"": 10, ""leverage"": 1}, ""reasons"": [""quote: 지연 99.00s > 5.00s""]}"
2026-05-10T04:34:00.358749+00:00,PAPER_ORDER_FILLED,"{""order_id"": ""paper-9621d7db6d"", ""status"": ""FILLED"", ""symbol"": ""BTC/USDT"", ""side"": ""BUY"", ""notional_usdt"": 10.0, ""filled_price"": 1.000426, ""fee_usdt"": 0.005, ""slippage_pct"": 0.0426, ""created_at"": ""2026-05-10T04:34:00.358716+00:00""}"
2026-05-10T04:34:00.359735+00:00,ORDER_QUEUED_FOR_APPROVAL,"{""approval_id"": ""1fcdad86-b487-44f3-98c5-d9ba51876787"", ""order"": {""symbol"": ""BTC/USDT"", ""side"": ""BUY"", ""notional_usdt"": 10, ""leverage"": 1}}"
2026-05-10T04:39:38.262396+00:00,PAPER_ORDER_FILLED,"{""order_id"": ""paper-ac881b2635"", ""status"": ""FILLED"", ""symbol"": ""BTC/USDT"", ""side"": ""BUY"", ""notional_usdt"": 10.0, ""filled_price"": 100046.589376, ""fee_usdt"": 0.005, ""slippage_pct"": 0.0466, ""created_at"": ""2026-05-10T04:39:38.262355+00:00""}"
2026-05-10T04:39:40.701494+00:00,ORDER_REJECTED_BY_RISK,"{""order"": {""symbol"": ""BTC/USDT"", ""side"": ""BUY"", ""notional_usdt"": 10, ""leverage"": 1}, ""reasons"": [""quote: 지연 99.00s > 5.00s""]}"
2026-05-10T04:39:40.702457+00:00,PAPER_ORDER_FILLED,"{""order_id"": ""paper-5ffb064edd"", ""status"": ""FILLED"", ""symbol"": ""BTC/USDT"", ""side"": ""BUY"", ""notional_usdt"": 10.0, ""filled_price"": 1.000474, ""fee_usdt"": 0.005, ""slippage_pct"": 0.0474, ""created_at"": ""2026-05-10T04:39:40.702422+00:00""}"
2026-05-10T04:39:40.703384+00:00,ORDER_QUEUED_FOR_APPROVAL,"{""approval_id"": ""0a9feb61-8eb7-4c09-82d3-0216d6213162"", ""order"": {""symbol"": ""BTC/USDT"", ""side"": ""BUY"", ""notional_usdt"": 10, ""leverage"": 1}}"
2026-05-10T04:40:13.941448+00:00,PAPER_ORDER_FILLED,"{""order_id"": ""paper-0b7d060227"", ""status"": ""FILLED"", ""symbol"": ""BTC/USDT"", ""side"": ""BUY"", ""notional_usdt"": 10.0, ""filled_price"": 100046.637417, ""fee_usdt"": 0.005, ""slippage_pct"": 0.0466, ""created_at"": ""2026-05-10T04:40:13.941407+00:00""}"
2026-05-10T04:40:16.211766+00:00,ORDER_REJECTED_BY_RISK,"{""order"": {""symbol"": ""BTC/USDT"", ""side"": ""BUY"", ""notional_usdt"": 10, ""leverage"": 1}, ""reasons"": [""quote: 지연 99.00s > 5.00s""]}"
2026-05-10T04:40:16.212727+00:00,PAPER_ORDER_FILLED,"{""order_id"": ""paper-66a8b74546"", ""status"": ""FILLED"", ""symbol"": ""BTC/USDT"", ""side"": ""BUY"", ""notional_usdt"": 10.0, ""filled_price"": 1.000506, ""fee_usdt"": 0.005, ""slippage_pct"": 0.0506, ""created_at"": ""2026-05-10T04:40:16.212694+00:00""}"
2026-05-10T04:40:16.213621+00:00,ORDER_QUEUED_FOR_APPROVAL,"{""approval_id"": ""eeb8b352-734b-4f43-8f0a-002610c813c2"", ""order"": {""symbol"": ""BTC/USDT"", ""side"": ""BUY"", ""notional_usdt"": 10, ""leverage"": 1}}"
2026-05-10T04:45:00.032597+00:00,PAPER_ORDER_FILLED,"{""order_id"": ""paper-57031ebec0"", ""status"": ""FILLED"", ""symbol"": ""BTC/USDT"", ""side"": ""BUY"", ""notional_usdt"": 10.0, ""filled_price"": 100040.691126, ""fee_usdt"": 0.005, ""slippage_pct"": 0.0407, ""created_at"": ""2026-05-10T04:45:00.032528+00:00""}"
2026-05-10T04:45:02.326375+00:00,ORDER_REJECTED_BY_RISK,"{""order"": {""symbol"": ""BTC/USDT"", ""side"": ""BUY"", ""notional_usdt"": 10, ""leverage"": 1}, ""reasons"": [""quote: 지연 99.00s > 5.00s""]}"
2026-05-10T04:45:02.327386+00:00,PAPER_ORDER_FILLED,"{""order_id"": ""paper-06d4859f0a"", ""status"": ""FILLED"", ""symbol"": ""BTC/USDT"", ""side"": ""BUY"", ""notional_usdt"": 10.0, ""filled_price"": 1.000577, ""fee_usdt"": 0.005, ""slippage_pct"": 0.0577, ""created_at"": ""2026-05-10T04:45:02.327351+00:00""}"
2026-05-10T04:45:02.328400+00:00,ORDER_QUEUED_FOR_APPROVAL,"{""approval_id"": ""6545d36d-14c5-4447-b95e-99fdbd01569b"", ""order"": {""symbol"": ""BTC/USDT"", ""side"": ""BUY"", ""notional_usdt"": 10, ""leverage"": 1}}"
2026-05-10T04:45:42.106588+00:00,PAPER_ORDER_FILLED,"{""order_id"": ""paper-ebc93f2c33"", ""status"": ""FILLED"", ""symbol"": ""BTC/USDT"", ""side"": ""BUY"", ""notional_usdt"": 10.0, ""filled_price"": 100057.418451, ""fee_usdt"": 0.005, ""slippage_pct"": 0.0574, ""created_at"": ""2026-05-10T04:45:42.106548+00:00""}"
2026-05-10T04:45:44.363688+00:00,ORDER_REJECTED_BY_RISK,"{""order"": {""symbol"": ""BTC/USDT"", ""side"": ""BUY"", ""notional_usdt"": 10, ""leverage"": 1}, ""reasons"": [""quote: 지연 99.00s > 5.00s""]}"
2026-05-10T04:45:44.364734+00:00,PAPER_ORDER_FILLED,"{""order_id"": ""paper-e24d64e6dc"", ""status"": ""FILLED"", ""symbol"": ""BTC/USDT"", ""side"": ""BUY"", ""notional_usdt"": 10.0, ""filled_price"": 1.000578, ""fee_usdt"": 0.005, ""slippage_pct"": 0.0578, ""created_at"": ""2026-05-10T04:45:44.364701+00:00""}"
2026-05-10T04:45:44.365688+00:00,ORDER_QUEUED_FOR_APPROVAL,"{""approval_id"": ""34ef9be8-0fbe-4723-abd1-423e17efb433"", ""order"": {""symbol"": ""BTC/USDT"", ""side"": ""BUY"", ""notional_usdt"": 10, ""leverage"": 1}}"
2026-05-10T04:46:39.976005+00:00,PAPER_ORDER_FILLED,"{""order_id"": ""paper-434d0b561a"", ""status"": ""FILLED"", ""symbol"": ""BTC/USDT"", ""side"": ""BUY"", ""notional_usdt"": 10.0, ""filled_price"": 100049.715942, ""fee_usdt"": 0.005, ""slippage_pct"": 0.0497, ""created_at"": ""2026-05-10T04:46:39.975966+00:00""}"
2026-05-10T04:46:42.266562+00:00,ORDER_REJECTED_BY_RISK,"{""order"": {""symbol"": ""BTC/USDT"", ""side"": ""BUY"", ""notional_usdt"": 10, ""leverage"": 1}, ""reasons"": [""quote: 지연 99.00s > 5.00s""]}"
2026-05-10T04:46:42.267556+00:00,PAPER_ORDER_FILLED,"{""order_id"": ""paper-8a43c25e62"", ""status"": ""FILLED"", ""symbol"": ""BTC/USDT"", ""side"": ""BUY"", ""notional_usdt"": 10.0, ""filled_price"": 1.000482, ""fee_usdt"": 0.005, ""slippage_pct"": 0.0482, ""created_at"": ""2026-05-10T04:46:42.267522+00:00""}"
2026-05-10T04:46:42.268470+00:00,ORDER_QUEUED_FOR_APPROVAL,"{""approval_id"": ""4d677021-e0c0-46dc-b7f6-c46395508a4e"", ""order"": {""symbol"": ""BTC/USDT"", ""side"": ""BUY"", ""notional_usdt"": 10, ""leverage"": 1}}"
2026-05-10T04:46:42.291575+00:00,ORDER_REJECTED_BY_GUARD,"{""order"": {""symbol"": ""BTC@USDT"", ""side"": ""BUY"", ""notional_usdt"": 50, ""leverage"": 1}, ""reasons"": [""비정상 symbol 형식: 'BTC@USDT'""]}"
2026-05-10T04:46:42.292511+00:00,PAPER_ORDER_FILLED,"{""order_id"": ""paper-2e8c66ee02"", ""status"": ""FILLED"", ""symbol"": ""BTC/USDT"", ""side"": ""BUY"", ""notional_usdt"": 50.0, ""filled_price"": 1.000458, ""fee_usdt"": 0.025, ""slippage_pct"": 0.0458, ""created_at"": ""2026-05-10T04:46:42.292481+00:00""}"
2026-05-10T04:46:42.293378+00:00,ORDER_REJECTED_BY_RISK,"{""order"": {""symbol"": ""BTC@USDT"", ""side"": ""BUY"", ""notional_usdt"": 200, ""leverage"": 1}, ""reasons"": [""주문 금액 초과: 200 > 100""]}"
2026-05-10T04:47:03.001252+00:00,PAPER_ORDER_FILLED,"{""order_id"": ""paper-d9af775b0c"", ""status"": ""FILLED"", ""symbol"": ""BTC/USDT"", ""side"": ""BUY"", ""notional_usdt"": 10.0, ""filled_price"": 100044.084367, ""fee_usdt"": 0.005, ""slippage_pct"": 0.0441, ""created_at"": ""2026-05-10T04:47:03.001191+00:00""}"
2026-05-10T04:47:05.251939+00:00,ORDER_REJECTED_BY_RISK,"{""order"": {""symbol"": ""BTC/USDT"", ""side"": ""BUY"", ""notional_usdt"": 10, ""leverage"": 1}, ""reasons"": [""quote: 지연 99.00s > 5.00s""]}"
2026-05-10T04:47:05.253043+00:00,PAPER_ORDER_FILLED,"{""order_id"": ""paper-f8188a43f1"", ""status"": ""FILLED"", ""symbol"": ""BTC/USDT"", ""side"": ""BUY"", ""notional_usdt"": 10.0, ""filled_price"": 1.000466, ""fee_usdt"": 0.005, ""slippage_pct"": 0.0466, ""created_at"": ""2026-05-10T04:47:05.253006+00:00""}"
2026-05-10T04:47:05.254033+00:00,ORDER_QUEUED_FOR_APPROVAL,"{""approval_id"": ""a9e63a3f-0cf2-4fcc-9d7e-9c21ae16be4a"", ""order"": {""symbol"": ""BTC/USDT"", ""side"": ""BUY"", ""notional_usdt"": 10, ""leverage"": 1}}"
2026-05-10T04:47:05.278072+00:00,ORDER_REJECTED_BY_GUARD,"{""order"": {""symbol"": ""BTC@USDT"", ""side"": ""BUY"", ""notional_usdt"": 50, ""leverage"": 1}, ""reasons"": [""비정상 symbol 형식: 'BTC@USDT'""]}"
2026-05-10T04:47:05.279092+00:00,PAPER_ORDER_FILLED,"{""order_id"": ""paper-timeout-755fb094"", ""status"": ""TIMEOUT"", ""symbol"": ""BTC/USDT"", ""side"": ""BUY"", ""notional_usdt"": 50.0, ""filled_price"": 0.0, ""fee_usdt"": 0.0, ""slippage_pct"": 0.0, ""created_at"": ""2026-05-10T04:47:05.279060+00:00""}"
2026-05-10T04:47:05.280033+00:00,ORDER_REJECTED_BY_RISK,"{""order"": {""symbol"": ""BTC@USDT"", ""side"": ""BUY"", ""notional_usdt"": 200, ""leverage"": 1}, ""reasons"": [""주문 금액 초과: 200 > 100""]}"
2026-05-10T04:48:40.555206+00:00,PAPER_ORDER_FILLED,"{""order_id"": ""paper-eb43138c3a"", ""status"": ""FILLED"", ""symbol"": ""BTC/USDT"", ""side"": ""BUY"", ""notional_usdt"": 10.0, ""filled_price"": 100043.632044, ""fee_usdt"": 0.005, ""slippage_pct"": 0.0436, ""created_at"": ""2026-05-10T04:48:40.555167+00:00""}"
2026-05-10T04:48:42.832195+00:00,ORDER_REJECTED_BY_RISK,"{""order"": {""symbol"": ""BTC/USDT"", ""side"": ""BUY"", ""notional_usdt"": 10, ""leverage"": 1}, ""reasons"": [""quote: 지연 99.00s > 5.00s""]}"
2026-05-10T04:48:42.833174+00:00,PAPER_ORDER_FILLED,"{""order_id"": ""paper-ca1621da93"", ""status"": ""FILLED"", ""symbol"": ""BTC/USDT"", ""side"": ""BUY"", ""notional_usdt"": 10.0, ""filled_price"": 1.000421, ""fee_usdt"": 0.005, ""slippage_pct"": 0.0421, ""created_at"": ""2026-05-10T04:48:42.833142+00:00""}"
2026-05-10T04:48:42.834100+00:00,ORDER_QUEUED_FOR_APPROVAL,"{""approval_id"": ""cc79583f-9f7c-4ae0-985c-c5b0e922edab"", ""order"": {""symbol"": ""BTC/USDT"", ""side"": ""BUY"", ""notional_usdt"": 10, ""leverage"": 1}}"
2026-05-10T04:48:42.857276+00:00,ORDER_REJECTED_BY_GUARD,"{""order"": {""symbol"": ""BTC@USDT"", ""side"": ""BUY"", ""notional_usdt"": 50, ""leverage"": 1}, ""reasons"": [""비정상 symbol 형식: 'BTC@USDT'""]}"
2026-05-10T04:48:42.858191+00:00,PAPER_ORDER_FILLED,"{""order_id"": ""paper-5e9cd06ffe"", ""status"": ""FILLED"", ""symbol"": ""BTC/USDT"", ""side"": ""BUY"", ""notional_usdt"": 50.0, ""filled_price"": 1.000511, ""fee_usdt"": 0.025, ""slippage_pct"": 0.0511, ""created_at"": ""2026-05-10T04:48:42.858162+00:00""}"
2026-05-10T04:48:42.859067+00:00,ORDER_REJECTED_BY_RISK,"{""order"": {""symbol"": ""BTC@USDT"", ""side"": ""BUY"", ""notional_usdt"": 200, ""leverage"": 1}, ""reasons"": [""주문 금액 초과: 200 > 100""]}"
2026-05-10T04:49:27.104899+00:00,PAPER_ORDER_FILLED,"{""order_id"": ""paper-b6f43c3def"", ""status"": ""FILLED"", ""symbol"": ""BTC/USDT"", ""side"": ""BUY"", ""notional_usdt"": 10.0, ""filled_price"": 100044.982396, ""fee_usdt"": 0.005, ""slippage_pct"": 0.045, ""created_at"": ""2026-05-10T04:49:27.104860+00:00""}"
2026-05-10T04:49:29.390371+00:00,PAPER_ORDER_FILLED,"{""order_id"": ""paper-c2e0bf86df"", ""status"": ""FILLED"", ""symbol"": ""BTC/USDT"", ""side"": ""BUY"", ""notional_usdt"": 50.0, ""filled_price"": 1.000514, ""fee_usdt"": 0.025, ""slippage_pct"": 0.0514, ""created_at"": ""2026-05-10T04:49:29.390342+00:00""}"
2026-05-10T04:49:29.391264+00:00,SHADOW_SIGNAL_LOGGED,"{""order"": {""symbol"": ""BTC/USDT"", ""side"": ""BUY"", ""notional_usdt"": 10, ""leverage"": 1}}"
2026-05-10T04:49:29.393640+00:00,ORDER_REJECTED_BY_RISK,"{""order"": {""symbol"": ""BTC/USDT"", ""side"": ""BUY"", ""notional_usdt"": 10, ""leverage"": 1}, ""reasons"": [""quote: 지연 99.00s > 5.00s""]}"
2026-05-10T04:49:29.394537+00:00,PAPER_ORDER_FILLED,"{""order_id"": ""paper-1b58879428"", ""status"": ""FILLED"", ""symbol"": ""BTC/USDT"", ""side"": ""BUY"", ""notional_usdt"": 10.0, ""filled_price"": 1.000477, ""fee_usdt"": 0.005, ""slippage_pct"": 0.0477, ""created_at"": ""2026-05-10T04:49:29.394508+00:00""}"
2026-05-10T04:49:29.395434+00:00,ORDER_QUEUED_FOR_APPROVAL,"{""approval_id"": ""fce2ad99-168c-4f29-8f0f-7bdf98ad6254"", ""order"": {""symbol"": ""BTC/USDT"", ""side"": ""BUY"", ""notional_usdt"": 10, ""leverage"": 1}}"
2026-05-10T04:49:29.417990+00:00,ORDER_REJECTED_BY_GUARD,"{""order"": {""symbol"": ""BTC@USDT"", ""side"": ""BUY"", ""notional_usdt"": 50, ""leverage"": 1}, ""reasons"": [""비정상 symbol 형식: 'BTC@USDT'""]}"
2026-05-10T04:49:29.418965+00:00,PAPER_ORDER_FILLED,"{""order_id"": ""paper-fb2378bd8a"", ""status"": ""FILLED"", ""symbol"": ""BTC/USDT"", ""side"": ""BUY"", ""notional_usdt"": 50.0, ""filled_price"": 1.000489, ""fee_usdt"": 0.025, ""slippage_pct"": 0.0489, ""created_at"": ""2026-05-10T04:49:29.418933+00:00""}"
2026-05-10T04:49:29.419870+00:00,ORDER_REJECTED_BY_RISK,"{""order"": {""symbol"": ""BTC@USDT"", ""side"": ""BUY"", ""notional_usdt"": 200, ""leverage"": 1}, ""reasons"": [""주문 금액 초과: 200 > 100""]}"
2026-05-10T04:51:39.161542+00:00,PAPER_ORDER_FILLED,"{""order_id"": ""paper-329090376d"", ""status"": ""FILLED"", ""symbol"": ""BTC/USDT"", ""side"": ""BUY"", ""notional_usdt"": 10.0, ""filled_price"": 100043.751793, ""fee_usdt"": 0.005, ""slippage_pct"": 0.0438, ""created_at"": ""2026-05-10T04:51:39.161504+00:00""}"
2026-05-10T04:51:41.510845+00:00,PAPER_ORDER_FILLED,"{""order_id"": ""paper-4a3591b278"", ""status"": ""FILLED"", ""symbol"": ""BTC/USDT"", ""side"": ""BUY"", ""notional_usdt"": 50.0, ""filled_price"": 1.000562, ""fee_usdt"": 0.025, ""slippage_pct"": 0.0562, ""created_at"": ""2026-05-10T04:51:41.510815+00:00""}"
2026-05-10T04:51:41.511784+00:00,SHADOW_SIGNAL_LOGGED,"{""order"": {""symbol"": ""BTC/USDT"", ""side"": ""BUY"", ""notional_usdt"": 10, ""leverage"": 1}}"
2026-05-10T04:51:41.514381+00:00,ORDER_REJECTED_BY_RISK,"{""order"": {""symbol"": ""BTC/USDT"", ""side"": ""BUY"", ""notional_usdt"": 10, ""leverage"": 1}, ""reasons"": [""quote: 지연 99.00s > 5.00s""]}"
2026-05-10T04:51:41.515304+00:00,PAPER_ORDER_FILLED,"{""order_id"": ""paper-a729eafac2"", ""status"": ""FILLED"", ""symbol"": ""BTC/USDT"", ""side"": ""BUY"", ""notional_usdt"": 10.0, ""filled_price"": 1.000523, ""fee_usdt"": 0.005, ""slippage_pct"": 0.0523, ""created_at"": ""2026-05-10T04:51:41.515276+00:00""}"
2026-05-10T04:51:41.516244+00:00,ORDER_QUEUED_FOR_APPROVAL,"{""approval_id"": ""96463340-7916-45f0-aa12-e258efbf0275"", ""order"": {""symbol"": ""BTC/USDT"", ""side"": ""BUY"", ""notional_usdt"": 10, ""leverage"": 1}, ""source"": ""system""}"
2026-05-10T04:51:41.539309+00:00,ORDER_REJECTED_BY_GUARD,"{""order"": {""symbol"": ""BTC@USDT"", ""side"": ""BUY"", ""notional_usdt"": 50, ""leverage"": 1}, ""reasons"": [""비정상 symbol 형식: 'BTC@USDT'""]}"
2026-05-10T04:51:41.540244+00:00,PAPER_ORDER_FILLED,"{""order_id"": ""paper-7dbf026d01"", ""status"": ""FILLED"", ""symbol"": ""BTC/USDT"", ""side"": ""BUY"", ""notional_usdt"": 50.0, ""filled_price"": 1.000477, ""fee_usdt"": 0.025, ""slippage_pct"": 0.0477, ""created_at"": ""2026-05-10T04:51:41.540215+00:00""}"
2026-05-10T04:51:41.541130+00:00,ORDER_REJECTED_BY_RISK,"{""order"": {""symbol"": ""BTC@USDT"", ""side"": ""BUY"", ""notional_usdt"": 200, ""leverage"": 1}, ""reasons"": [""주문 금액 초과: 200 > 100""]}"
2026-05-10T04:53:18.463103+00:00,LIVE_EXECUTOR_NOT_WIRED,"{""order"": {""symbol"": ""BTC/USDT"", ""side"": ""BUY"", ""notional_usdt"": 50, ""leverage"": 1, ""confidence"": 0.0}}"
2026-05-10T04:53:18.503492+00:00,PAPER_ORDER_FILLED,"{""order_id"": ""paper-693dbd9e33"", ""status"": ""FILLED"", ""symbol"": ""BTC/USDT"", ""side"": ""BUY"", ""notional_usdt"": 10.0, ""filled_price"": 100058.807549, ""fee_usdt"": 0.005, ""slippage_pct"": 0.0588, ""created_at"": ""2026-05-10T04:53:18.503434+00:00""}"
2026-05-10T04:53:20.836031+00:00,PAPER_ORDER_FILLED,"{""order_id"": ""paper-c1ce1b0b4c"", ""status"": ""FILLED"", ""symbol"": ""BTC/USDT"", ""side"": ""BUY"", ""notional_usdt"": 50.0, ""filled_price"": 1.000544, ""fee_usdt"": 0.025, ""slippage_pct"": 0.0544, ""created_at"": ""2026-05-10T04:53:20.836002+00:00""}"
2026-05-10T04:53:20.836956+00:00,SHADOW_SIGNAL_LOGGED,"{""order"": {""symbol"": ""BTC/USDT"", ""side"": ""BUY"", ""notional_usdt"": 10, ""leverage"": 1}}"
2026-05-10T04:53:20.839411+00:00,ORDER_REJECTED_BY_RISK,"{""order"": {""symbol"": ""BTC/USDT"", ""side"": ""BUY"", ""notional_usdt"": 10, ""leverage"": 1}, ""reasons"": [""quote: 지연 99.00s > 5.00s""]}"
2026-05-10T04:53:20.840336+00:00,PAPER_ORDER_FILLED,"{""order_id"": ""paper-261257ab2f"", ""status"": ""FILLED"", ""symbol"": ""BTC/USDT"", ""side"": ""BUY"", ""notional_usdt"": 10.0, ""filled_price"": 1.000496, ""fee_usdt"": 0.005, ""slippage_pct"": 0.0496, ""created_at"": ""2026-05-10T04:53:20.840307+00:00""}"
2026-05-10T04:53:20.841243+00:00,ORDER_QUEUED_FOR_APPROVAL,"{""approval_id"": ""df7b0908-b9f3-464c-8af1-48f391df6b0d"", ""order"": {""symbol"": ""BTC/USDT"", ""side"": ""BUY"", ""notional_usdt"": 10, ""leverage"": 1}, ""source"": ""system""}"
2026-05-10T04:53:20.865426+00:00,ORDER_REJECTED_BY_GUARD,"{""order"": {""symbol"": ""BTC@USDT"", ""side"": ""BUY"", ""notional_usdt"": 50, ""leverage"": 1}, ""reasons"": [""비정상 symbol 형식: 'BTC@USDT'""]}"
2026-05-10T04:53:20.866399+00:00,PAPER_ORDER_FILLED,"{""order_id"": ""paper-timeout-0316fa6c"", ""status"": ""TIMEOUT"", ""symbol"": ""BTC/USDT"", ""side"": ""BUY"", ""notional_usdt"": 50.0, ""filled_price"": 0.0, ""fee_usdt"": 0.0, ""slippage_pct"": 0.0, ""created_at"": ""2026-05-10T04:53:20.866366+00:00""}"
2026-05-10T04:53:20.867312+00:00,ORDER_REJECTED_BY_RISK,"{""order"": {""symbol"": ""BTC@USDT"", ""side"": ""BUY"", ""notional_usdt"": 200, ""leverage"": 1}, ""reasons"": [""주문 금액 초과: 200 > 100""]}"
2026-05-10T04:57:09.975725+00:00,LIVE_EXECUTOR_NOT_WIRED,"{""order"": {""symbol"": ""BTC/USDT"", ""side"": ""BUY"", ""notional_usdt"": 50, ""leverage"": 1, ""confidence"": 0.0}}"
2026-05-10T04:57:10.016174+00:00,PAPER_ORDER_FILLED,"{""order_id"": ""paper-d3bc257385"", ""status"": ""FILLED"", ""symbol"": ""BTC/USDT"", ""side"": ""BUY"", ""notional_usdt"": 10.0, ""filled_price"": 100045.258674, ""fee_usdt"": 0.005, ""slippage_pct"": 0.0453, ""created_at"": ""2026-05-10T04:57:10.016137+00:00""}"
2026-05-10T04:57:12.365848+00:00,PAPER_ORDER_FILLED,"{""order_id"": ""paper-cf7c9405d4"", ""status"": ""FILLED"", ""symbol"": ""BTC/USDT"", ""side"": ""BUY"", ""notional_usdt"": 50.0, ""filled_price"": 1.000546, ""fee_usdt"": 0.025, ""slippage_pct"": 0.0546, ""created_at"": ""2026-05-10T04:57:12.365820+00:00""}"
2026-05-10T04:57:12.366766+00:00,SHADOW_SIGNAL_LOGGED,"{""order"": {""symbol"": ""BTC/USDT"", ""side"": ""BUY"", ""notional_usdt"": 10, ""leverage"": 1}}"
2026-05-10T04:57:12.369180+00:00,ORDER_REJECTED_BY_RISK,"{""order"": {""symbol"": ""BTC/USDT"", ""side"": ""BUY"", ""notional_usdt"": 10, ""leverage"": 1}, ""reasons"": [""quote: 지연 99.00s > 5.00s""]}"
2026-05-10T04:57:12.370063+00:00,PAPER_ORDER_FILLED,"{""order_id"": ""paper-710f11309e"", ""status"": ""FILLED"", ""symbol"": ""BTC/USDT"", ""side"": ""BUY"", ""notional_usdt"": 10.0, ""filled_price"": 1.000511, ""fee_usdt"": 0.005, ""slippage_pct"": 0.0511, ""created_at"": ""2026-05-10T04:57:12.370034+00:00""}"
2026-05-10T04:57:12.370974+00:00,ORDER_QUEUED_FOR_APPROVAL,"{""approval_id"": ""aecb99e2-5193-46ef-8861-93d4a583c0ee"", ""order"": {""symbol"": ""BTC/USDT"", ""side"": ""BUY"", ""notional_usdt"": 10, ""leverage"": 1}, ""source"": ""system""}"
2026-05-10T04:57:12.394118+00:00,ORDER_REJECTED_BY_GUARD,"{""order"": {""symbol"": ""BTC@USDT"", ""side"": ""BUY"", ""notional_usdt"": 50, ""leverage"": 1}, ""reasons"": [""비정상 symbol 형식: 'BTC@USDT'""]}"
2026-05-10T04:57:12.395067+00:00,PAPER_ORDER_FILLED,"{""order_id"": ""paper-779137c82b"", ""status"": ""FILLED"", ""symbol"": ""BTC/USDT"", ""side"": ""BUY"", ""notional_usdt"": 50.0, ""filled_price"": 1.000458, ""fee_usdt"": 0.025, ""slippage_pct"": 0.0458, ""created_at"": ""2026-05-10T04:57:12.395036+00:00""}"
2026-05-10T04:57:12.395966+00:00,ORDER_REJECTED_BY_RISK,"{""order"": {""symbol"": ""BTC@USDT"", ""side"": ""BUY"", ""notional_usdt"": 200, ""leverage"": 1}, ""reasons"": [""주문 금액 초과: 200 > 100""]}"
2026-05-10T04:57:47.908411+00:00,LIVE_EXECUTOR_NOT_WIRED,"{""order"": {""symbol"": ""BTC/USDT"", ""side"": ""BUY"", ""notional_usdt"": 50, ""leverage"": 1, ""confidence"": 0.0}}"
2026-05-10T04:57:47.948418+00:00,PAPER_ORDER_FILLED,"{""order_id"": ""paper-9def62bc6b"", ""status"": ""FILLED"", ""symbol"": ""BTC/USDT"", ""side"": ""BUY"", ""notional_usdt"": 10.0, ""filled_price"": 100043.099182, ""fee_usdt"": 0.005, ""slippage_pct"": 0.0431, ""created_at"": ""2026-05-10T04:57:47.948385+00:00""}"
2026-05-10T04:57:50.270172+00:00,PAPER_ORDER_FILLED,"{""order_id"": ""paper-timeout-70a2148a"", ""status"": ""TIMEOUT"", ""symbol"": ""BTC/USDT"", ""side"": ""BUY"", ""notional_usdt"": 50.0, ""filled_price"": 0.0, ""fee_usdt"": 0.0, ""slippage_pct"": 0.0, ""created_at"": ""2026-05-10T04:57:50.270140+00:00""}"
2026-05-10T04:57:50.271428+00:00,SHADOW_SIGNAL_LOGGED,"{""order"": {""symbol"": ""BTC/USDT"", ""side"": ""BUY"", ""notional_usdt"": 10, ""leverage"": 1}}"
2026-05-10T04:57:50.273921+00:00,ORDER_REJECTED_BY_RISK,"{""order"": {""symbol"": ""BTC/USDT"", ""side"": ""BUY"", ""notional_usdt"": 10, ""leverage"": 1}, ""reasons"": [""quote: 지연 99.00s > 5.00s""]}"
2026-05-10T04:57:50.274848+00:00,PAPER_ORDER_FILLED,"{""order_id"": ""paper-ff8cee40d3"", ""status"": ""FILLED"", ""symbol"": ""BTC/USDT"", ""side"": ""BUY"", ""notional_usdt"": 10.0, ""filled_price"": 1.000485, ""fee_usdt"": 0.005, ""slippage_pct"": 0.0485, ""created_at"": ""2026-05-10T04:57:50.274819+00:00""}"
2026-05-10T04:57:50.275764+00:00,ORDER_QUEUED_FOR_APPROVAL,"{""approval_id"": ""ad888269-eb5f-45ba-b7df-9a940cbe0839"", ""order"": {""symbol"": ""BTC/USDT"", ""side"": ""BUY"", ""notional_usdt"": 10, ""leverage"": 1}, ""source"": ""system""}"
2026-05-10T04:57:50.299765+00:00,ORDER_REJECTED_BY_GUARD,"{""order"": {""symbol"": ""BTC@USDT"", ""side"": ""BUY"", ""notional_usdt"": 50, ""leverage"": 1}, ""reasons"": [""비정상 symbol 형식: 'BTC@USDT'""]}"
2026-05-10T04:57:50.300703+00:00,PAPER_ORDER_FILLED,"{""order_id"": ""paper-c00dd31e07"", ""status"": ""FILLED"", ""symbol"": ""BTC/USDT"", ""side"": ""BUY"", ""notional_usdt"": 50.0, ""filled_price"": 1.00055, ""fee_usdt"": 0.025, ""slippage_pct"": 0.055, ""created_at"": ""2026-05-10T04:57:50.300674+00:00""}"
2026-05-10T04:57:50.301593+00:00,ORDER_REJECTED_BY_RISK,"{""order"": {""symbol"": ""BTC@USDT"", ""side"": ""BUY"", ""notional_usdt"": 200, ""leverage"": 1}, ""reasons"": [""주문 금액 초과: 200 > 100""]}"
2026-05-10T04:59:22.514386+00:00,LIVE_EXECUTOR_NOT_WIRED,"{""order"": {""symbol"": ""BTC/USDT"", ""side"": ""BUY"", ""notional_usdt"": 50, ""leverage"": 1, ""confidence"": 0.0}}"
2026-05-10T04:59:22.552706+00:00,PAPER_ORDER_FILLED,"{""order_id"": ""paper-6241885fa5"", ""status"": ""FILLED"", ""symbol"": ""BTC/USDT"", ""side"": ""BUY"", ""notional_usdt"": 10.0, ""filled_price"": 100041.736211, ""fee_usdt"": 0.005, ""slippage_pct"": 0.0417, ""created_at"": ""2026-05-10T04:59:22.552675+00:00""}"
2026-05-10T04:59:24.888129+00:00,PAPER_ORDER_FILLED,"{""order_id"": ""paper-d6f6f480da"", ""status"": ""FILLED"", ""symbol"": ""BTC/USDT"", ""side"": ""BUY"", ""notional_usdt"": 50.0, ""filled_price"": 1.000597, ""fee_usdt"": 0.025, ""slippage_pct"": 0.0597, ""created_at"": ""2026-05-10T04:59:24.888098+00:00""}"
2026-05-10T04:59:24.889118+00:00,SHADOW_SIGNAL_LOGGED,"{""order"": {""symbol"": ""BTC/USDT"", ""side"": ""BUY"", ""notional_usdt"": 10, ""leverage"": 1}}"
2026-05-10T04:59:24.891743+00:00,ORDER_REJECTED_BY_RISK,"{""order"": {""symbol"": ""BTC/USDT"", ""side"": ""BUY"", ""notional_usdt"": 10, ""leverage"": 1}, ""reasons"": [""quote: 지연 99.00s > 5.00s""]}"
2026-05-10T04:59:24.892729+00:00,PAPER_ORDER_FILLED,"{""order_id"": ""paper-1c00233196"", ""status"": ""FILLED"", ""symbol"": ""BTC/USDT"", ""side"": ""BUY"", ""notional_usdt"": 10.0, ""filled_price"": 1.000418, ""fee_usdt"": 0.005, ""slippage_pct"": 0.0418, ""created_at"": ""2026-05-10T04:59:24.892700+00:00""}"
2026-05-10T04:59:24.893681+00:00,ORDER_QUEUED_FOR_APPROVAL,"{""approval_id"": ""c9516000-9117-45b1-a3cf-986ae0bfe5b7"", ""order"": {""symbol"": ""BTC/USDT"", ""side"": ""BUY"", ""notional_usdt"": 10, ""leverage"": 1}, ""source"": ""system""}"
2026-05-10T04:59:24.917750+00:00,ORDER_REJECTED_BY_GUARD,"{""order"": {""symbol"": ""BTC@USDT"", ""side"": ""BUY"", ""notional_usdt"": 50, ""leverage"": 1}, ""reasons"": [""비정상 symbol 형식: 'BTC@USDT'""]}"
2026-05-10T04:59:24.918794+00:00,PAPER_ORDER_FILLED,"{""order_id"": ""paper-ea5be4c9a9"", ""status"": ""FILLED"", ""symbol"": ""BTC/USDT"", ""side"": ""BUY"", ""notional_usdt"": 50.0, ""filled_price"": 1.000435, ""fee_usdt"": 0.025, ""slippage_pct"": 0.0435, ""created_at"": ""2026-05-10T04:59:24.918763+00:00""}"
2026-05-10T04:59:24.919744+00:00,ORDER_REJECTED_BY_RISK,"{""order"": {""symbol"": ""BTC@USDT"", ""side"": ""BUY"", ""notional_usdt"": 200, ""leverage"": 1}, ""reasons"": [""주문 금액 초과: 200 > 100""]}"
2026-05-10T05:12:36.971092+00:00,LIVE_EXECUTOR_NOT_WIRED,"{""order"": {""symbol"": ""BTC/USDT"", ""side"": ""BUY"", ""notional_usdt"": 50, ""leverage"": 1, ""confidence"": 0.0}}"
2026-05-10T05:12:37.011620+00:00,PAPER_ORDER_FILLED,"{""order_id"": ""paper-beb1254f0d"", ""status"": ""FILLED"", ""symbol"": ""BTC/USDT"", ""side"": ""BUY"", ""notional_usdt"": 10.0, ""filled_price"": 100045.494925, ""fee_usdt"": 0.005, ""slippage_pct"": 0.0455, ""created_at"": ""2026-05-10T05:12:37.011583+00:00""}"
2026-05-10T05:12:39.397838+00:00,PAPER_ORDER_FILLED,"{""order_id"": ""paper-af514b27d7"", ""status"": ""FILLED"", ""symbol"": ""BTC/USDT"", ""side"": ""BUY"", ""notional_usdt"": 50.0, ""filled_price"": 1.000462, ""fee_usdt"": 0.025, ""slippage_pct"": 0.0462, ""created_at"": ""2026-05-10T05:12:39.397808+00:00""}"
2026-05-10T05:12:39.398792+00:00,SHADOW_SIGNAL_LOGGED,"{""order"": {""symbol"": ""BTC/USDT"", ""side"": ""BUY"", ""notional_usdt"": 10, ""leverage"": 1}}"
2026-05-10T05:12:39.401274+00:00,ORDER_REJECTED_BY_RISK,"{""order"": {""symbol"": ""BTC/USDT"", ""side"": ""BUY"", ""notional_usdt"": 10, ""leverage"": 1}, ""reasons"": [""quote: 지연 99.00s > 5.00s""]}"
2026-05-10T05:12:39.402186+00:00,PAPER_ORDER_FILLED,"{""order_id"": ""paper-0fcda9c054"", ""status"": ""FILLED"", ""symbol"": ""BTC/USDT"", ""side"": ""BUY"", ""notional_usdt"": 10.0, ""filled_price"": 1.000508, ""fee_usdt"": 0.005, ""slippage_pct"": 0.0508, ""created_at"": ""2026-05-10T05:12:39.402156+00:00""}"
2026-05-10T05:12:39.403110+00:00,ORDER_QUEUED_FOR_APPROVAL,"{""approval_id"": ""8e379164-f34a-4b78-abf0-7aa2b6a5522b"", ""order"": {""symbol"": ""BTC/USDT"", ""side"": ""BUY"", ""notional_usdt"": 10, ""leverage"": 1}, ""source"": ""system""}"
2026-05-10T05:12:39.426757+00:00,ORDER_REJECTED_BY_GUARD,"{""order"": {""symbol"": ""BTC@USDT"", ""side"": ""BUY"", ""notional_usdt"": 50, ""leverage"": 1}, ""reasons"": [""비정상 symbol 형식: 'BTC@USDT'""]}"
2026-05-10T05:12:39.427765+00:00,PAPER_ORDER_FILLED,"{""order_id"": ""paper-33acef0009"", ""status"": ""FILLED"", ""symbol"": ""BTC/USDT"", ""side"": ""BUY"", ""notional_usdt"": 50.0, ""filled_price"": 1.00051, ""fee_usdt"": 0.025, ""slippage_pct"": 0.051, ""created_at"": ""2026-05-10T05:12:39.427733+00:00""}"
2026-05-10T05:12:39.428685+00:00,ORDER_REJECTED_BY_RISK,"{""order"": {""symbol"": ""BTC@USDT"", ""side"": ""BUY"", ""notional_usdt"": 200, ""leverage"": 1}, ""reasons"": [""주문 금액 초과: 200 > 100""]}"
2026-05-10T05:13:35.764002+00:00,LIVE_EXECUTOR_NOT_WIRED,"{""order"": {""symbol"": ""BTC/USDT"", ""side"": ""BUY"", ""notional_usdt"": 50, ""leverage"": 1, ""confidence"": 0.0}}"
2026-05-10T05:13:35.808250+00:00,PAPER_ORDER_FILLED,"{""order_id"": ""paper-36f1e7d3bb"", ""status"": ""FILLED"", ""symbol"": ""BTC/USDT"", ""side"": ""BUY"", ""notional_usdt"": 10.0, ""filled_price"": 100040.395407, ""fee_usdt"": 0.005, ""slippage_pct"": 0.0404, ""created_at"": ""2026-05-10T05:13:35.808213+00:00""}"
2026-05-10T05:13:38.214091+00:00,PAPER_ORDER_FILLED,"{""order_id"": ""paper-9812e20fbc"", ""status"": ""FILLED"", ""symbol"": ""BTC/USDT"", ""side"": ""BUY"", ""notional_usdt"": 50.0, ""filled_price"": 1.000436, ""fee_usdt"": 0.025, ""slippage_pct"": 0.0436, ""created_at"": ""2026-05-10T05:13:38.214044+00:00""}"
2026-05-10T05:13:38.215101+00:00,SHADOW_SIGNAL_LOGGED,"{""order"": {""symbol"": ""BTC/USDT"", ""side"": ""BUY"", ""notional_usdt"": 10, ""leverage"": 1}}"
2026-05-10T05:13:38.217572+00:00,ORDER_REJECTED_BY_RISK,"{""order"": {""symbol"": ""BTC/USDT"", ""side"": ""BUY"", ""notional_usdt"": 10, ""leverage"": 1}, ""reasons"": [""quote: 지연 99.00s > 5.00s""]}"
2026-05-10T05:13:38.218486+00:00,PAPER_ORDER_FILLED,"{""order_id"": ""paper-5f0b3b355a"", ""status"": ""FILLED"", ""symbol"": ""BTC/USDT"", ""side"": ""BUY"", ""notional_usdt"": 10.0, ""filled_price"": 1.000476, ""fee_usdt"": 0.005, ""slippage_pct"": 0.0476, ""created_at"": ""2026-05-10T05:13:38.218459+00:00""}"
2026-05-10T05:13:38.219373+00:00,ORDER_QUEUED_FOR_APPROVAL,"{""approval_id"": ""f14e1d92-6675-46e2-812d-09319be81a1a"", ""order"": {""symbol"": ""BTC/USDT"", ""side"": ""BUY"", ""notional_usdt"": 10, ""leverage"": 1}, ""source"": ""system""}"
2026-05-10T05:13:38.243491+00:00,ORDER_REJECTED_BY_GUARD,"{""order"": {""symbol"": ""BTC@USDT"", ""side"": ""BUY"", ""notional_usdt"": 50, ""leverage"": 1}, ""reasons"": [""비정상 symbol 형식: 'BTC@USDT'""]}"
2026-05-10T05:13:38.244797+00:00,PAPER_ORDER_FILLED,"{""order_id"": ""paper-248e167f4f"", ""status"": ""FILLED"", ""symbol"": ""BTC/USDT"", ""side"": ""BUY"", ""notional_usdt"": 50.0, ""filled_price"": 1.000577, ""fee_usdt"": 0.025, ""slippage_pct"": 0.0577, ""created_at"": ""2026-05-10T05:13:38.244765+00:00""}"
2026-05-10T05:13:38.245724+00:00,ORDER_REJECTED_BY_RISK,"{""order"": {""symbol"": ""BTC@USDT"", ""side"": ""BUY"", ""notional_usdt"": 200, ""leverage"": 1}, ""reasons"": [""주문 금액 초과: 200 > 100""]}"
2026-05-10T05:20:15.940758+00:00,LIVE_EXECUTOR_NOT_WIRED,"{""order"": {""symbol"": ""BTC/USDT"", ""side"": ""BUY"", ""notional_usdt"": 50, ""leverage"": 1, ""confidence"": 0.0}}"
2026-05-10T05:20:15.980897+00:00,PAPER_ORDER_FILLED,"{""order_id"": ""paper-84803a08d9"", ""status"": ""FILLED"", ""symbol"": ""BTC/USDT"", ""side"": ""BUY"", ""notional_usdt"": 10.0, ""filled_price"": 100054.812092, ""fee_usdt"": 0.005, ""slippage_pct"": 0.0548, ""created_at"": ""2026-05-10T05:20:15.980860+00:00""}"
2026-05-10T05:20:18.408516+00:00,PAPER_ORDER_FILLED,"{""order_id"": ""paper-b60e7e6ecb"", ""status"": ""FILLED"", ""symbol"": ""BTC/USDT"", ""side"": ""BUY"", ""notional_usdt"": 50.0, ""filled_price"": 1.000503, ""fee_usdt"": 0.025, ""slippage_pct"": 0.0503, ""created_at"": ""2026-05-10T05:20:18.408486+00:00""}"
2026-05-10T05:20:18.409431+00:00,SHADOW_SIGNAL_LOGGED,"{""order"": {""symbol"": ""BTC/USDT"", ""side"": ""BUY"", ""notional_usdt"": 10, ""leverage"": 1}}"
2026-05-10T05:20:18.411873+00:00,ORDER_REJECTED_BY_RISK,"{""order"": {""symbol"": ""BTC/USDT"", ""side"": ""BUY"", ""notional_usdt"": 10, ""leverage"": 1}, ""reasons"": [""quote: 지연 99.00s > 5.00s""]}"
2026-05-10T05:20:18.412840+00:00,PAPER_ORDER_FILLED,"{""order_id"": ""paper-865a93e82a"", ""status"": ""FILLED"", ""symbol"": ""BTC/USDT"", ""side"": ""BUY"", ""notional_usdt"": 10.0, ""filled_price"": 1.000574, ""fee_usdt"": 0.005, ""slippage_pct"": 0.0574, ""created_at"": ""2026-05-10T05:20:18.412780+00:00""}"
2026-05-10T05:20:18.413849+00:00,ORDER_QUEUED_FOR_APPROVAL,"{""approval_id"": ""094774e9-5e1c-417f-924d-b6d651eadde2"", ""order"": {""symbol"": ""BTC/USDT"", ""side"": ""BUY"", ""notional_usdt"": 10, ""leverage"": 1}, ""source"": ""system""}"
2026-05-10T05:20:18.436563+00:00,ORDER_REJECTED_BY_GUARD,"{""order"": {""symbol"": ""BTC@USDT"", ""side"": ""BUY"", ""notional_usdt"": 50, ""leverage"": 1}, ""reasons"": [""비정상 symbol 형식: 'BTC@USDT'""]}"
2026-05-10T05:20:18.437523+00:00,PAPER_ORDER_FILLED,"{""order_id"": ""paper-5058ff523d"", ""status"": ""FILLED"", ""symbol"": ""BTC/USDT"", ""side"": ""BUY"", ""notional_usdt"": 50.0, ""filled_price"": 1.000475, ""fee_usdt"": 0.025, ""slippage_pct"": 0.0475, ""created_at"": ""2026-05-10T05:20:18.437493+00:00""}"
2026-05-10T05:20:18.438410+00:00,ORDER_REJECTED_BY_RISK,"{""order"": {""symbol"": ""BTC@USDT"", ""side"": ""BUY"", ""notional_usdt"": 200, ""leverage"": 1}, ""reasons"": [""주문 금액 초과: 200 > 100""]}"
2026-05-15T02:48:30.206469+00:00,LIVE_EXECUTOR_NOT_WIRED,"{""order"": {""symbol"": ""BTC/USDT"", ""side"": ""BUY"", ""notional_usdt"": 50, ""leverage"": 1, ""confidence"": 0.0}}"
2026-05-15T02:48:30.249715+00:00,PAPER_ORDER_FILLED,"{""order_id"": ""paper-f03031bf98"", ""status"": ""FILLED"", ""symbol"": ""BTC/USDT"", ""side"": ""BUY"", ""notional_usdt"": 10.0, ""filled_price"": 100044.263651, ""fee_usdt"": 0.005, ""slippage_pct"": 0.0443, ""created_at"": ""2026-05-15T02:48:30.249678+00:00""}"
2026-05-15T02:48:32.981741+00:00,PAPER_ORDER_FILLED,"{""order_id"": ""paper-8bcd5b9a01"", ""status"": ""FILLED"", ""symbol"": ""BTC/USDT"", ""side"": ""BUY"", ""notional_usdt"": 50.0, ""filled_price"": 1.000583, ""fee_usdt"": 0.025, ""slippage_pct"": 0.0583, ""created_at"": ""2026-05-15T02:48:32.981709+00:00""}"
2026-05-15T02:48:32.982921+00:00,SHADOW_SIGNAL_LOGGED,"{""order"": {""symbol"": ""BTC/USDT"", ""side"": ""BUY"", ""notional_usdt"": 10, ""leverage"": 1}}"
2026-05-15T02:48:32.985669+00:00,ORDER_REJECTED_BY_RISK,"{""order"": {""symbol"": ""BTC/USDT"", ""side"": ""BUY"", ""notional_usdt"": 10, ""leverage"": 1}, ""reasons"": [""quote: 지연 99.00s > 5.00s""]}"
2026-05-15T02:48:32.986657+00:00,PAPER_ORDER_FILLED,"{""order_id"": ""paper-1de681152a"", ""status"": ""FILLED"", ""symbol"": ""BTC/USDT"", ""side"": ""BUY"", ""notional_usdt"": 10.0, ""filled_price"": 1.000465, ""fee_usdt"": 0.005, ""slippage_pct"": 0.0465, ""created_at"": ""2026-05-15T02:48:32.986629+00:00""}"
2026-05-15T02:48:32.987687+00:00,ORDER_QUEUED_FOR_APPROVAL,"{""approval_id"": ""96fd9836-1fd9-4a44-942e-7138adb49322"", ""order"": {""symbol"": ""BTC/USDT"", ""side"": ""BUY"", ""notional_usdt"": 10, ""leverage"": 1}, ""source"": ""system""}"
2026-05-15T02:48:33.010860+00:00,ORDER_REJECTED_BY_GUARD,"{""order"": {""symbol"": ""BTC@USDT"", ""side"": ""BUY"", ""notional_usdt"": 50, ""leverage"": 1}, ""reasons"": [""비정상 symbol 형식: 'BTC@USDT'""]}"
2026-05-15T02:48:33.011894+00:00,PAPER_ORDER_FILLED,"{""order_id"": ""paper-1b82ece8d0"", ""status"": ""FILLED"", ""symbol"": ""BTC/USDT"", ""side"": ""BUY"", ""notional_usdt"": 50.0, ""filled_price"": 1.000472, ""fee_usdt"": 0.025, ""slippage_pct"": 0.0472, ""created_at"": ""2026-05-15T02:48:33.011863+00:00""}"
2026-05-15T02:48:33.013233+00:00,ORDER_REJECTED_BY_RISK,"{""order"": {""symbol"": ""BTC@USDT"", ""side"": ""BUY"", ""notional_usdt"": 200, ""leverage"": 1}, ""reasons"": [""주문 금액 초과: 200 > 100""]}"
2026-05-15T02:49:27.992118+00:00,LIVE_EXECUTOR_NOT_WIRED,"{""order"": {""symbol"": ""BTC/USDT"", ""side"": ""BUY"", ""notional_usdt"": 50, ""leverage"": 1, ""confidence"": 0.0}}"
2026-05-15T02:49:28.032609+00:00,PAPER_ORDER_FILLED,"{""order_id"": ""paper-97c1e841c5"", ""status"": ""FILLED"", ""symbol"": ""BTC/USDT"", ""side"": ""BUY"", ""notional_usdt"": 10.0, ""filled_price"": 100056.69608, ""fee_usdt"": 0.005, ""slippage_pct"": 0.0567, ""created_at"": ""2026-05-15T02:49:28.032574+00:00""}"
2026-05-15T02:49:30.712786+00:00,PAPER_ORDER_FILLED,"{""order_id"": ""paper-94b86bddf9"", ""status"": ""FILLED"", ""symbol"": ""BTC/USDT"", ""side"": ""BUY"", ""notional_usdt"": 50.0, ""filled_price"": 1.000585, ""fee_usdt"": 0.025, ""slippage_pct"": 0.0585, ""created_at"": ""2026-05-15T02:49:30.712749+00:00""}"
2026-05-15T02:49:30.714089+00:00,SHADOW_SIGNAL_LOGGED,"{""order"": {""symbol"": ""BTC/USDT"", ""side"": ""BUY"", ""notional_usdt"": 10, ""leverage"": 1}}"
2026-05-15T02:49:30.717589+00:00,ORDER_REJECTED_BY_RISK,"{""order"": {""symbol"": ""BTC/USDT"", ""side"": ""BUY"", ""notional_usdt"": 10, ""leverage"": 1}, ""reasons"": [""quote: 지연 99.00s > 5.00s""]}"
2026-05-15T02:49:30.719097+00:00,PAPER_ORDER_FILLED,"{""order_id"": ""paper-c2025e0c9e"", ""status"": ""FILLED"", ""symbol"": ""BTC/USDT"", ""side"": ""BUY"", ""notional_usdt"": 10.0, ""filled_price"": 1.000489, ""fee_usdt"": 0.005, ""slippage_pct"": 0.0489, ""created_at"": ""2026-05-15T02:49:30.719059+00:00""}"
2026-05-15T02:49:30.720535+00:00,ORDER_QUEUED_FOR_APPROVAL,"{""approval_id"": ""7b6ad807-50a3-4a28-8013-bcee27f1a3ff"", ""order"": {""symbol"": ""BTC/USDT"", ""side"": ""BUY"", ""notional_usdt"": 10, ""leverage"": 1}, ""source"": ""system""}"
2026-05-15T02:49:30.747350+00:00,ORDER_REJECTED_BY_GUARD,"{""order"": {""symbol"": ""BTC@USDT"", ""side"": ""BUY"", ""notional_usdt"": 50, ""leverage"": 1}, ""reasons"": [""비정상 symbol 형식: 'BTC@USDT'""]}"
2026-05-15T02:49:30.748701+00:00,PAPER_ORDER_FILLED,"{""order_id"": ""paper-b085e2affb"", ""status"": ""FILLED"", ""symbol"": ""BTC/USDT"", ""side"": ""BUY"", ""notional_usdt"": 50.0, ""filled_price"": 1.000566, ""fee_usdt"": 0.025, ""slippage_pct"": 0.0566, ""created_at"": ""2026-05-15T02:49:30.748665+00:00""}"
2026-05-15T02:49:30.750153+00:00,ORDER_REJECTED_BY_RISK,"{""order"": {""symbol"": ""BTC@USDT"", ""side"": ""BUY"", ""notional_usdt"": 200, ""leverage"": 1}, ""reasons"": [""주문 금액 초과: 200 > 100""]}"
